year,km_driven,fuel,seller_type,transmission,owner,mileage(km/ltr/kg),engine,max_power,seats,Actual_Price,Predicted_Price,Difference
2009,250000,1,1,1,0,12.8,2494.0,102.0,7.0,550000,715517.49,-165517.49
2015,39000,1,0,1,0,16.0,2179.0,140.0,7.0,1225000,1067545.59,157454.41
2018,90000,1,1,1,0,23.0,1498.0,98.96,5.0,850000,857101.67,-7101.67
2008,100000,3,1,1,4,17.3,1061.0,64.0,5.0,80000,140642.86,-60642.86
2018,40000,1,1,1,0,25.8,1498.0,98.6,5.0,825000,692750.0,132250.0
2018,25000,1,1,1,0,25.5,1498.0,98.6,5.0,800000,929314.33,-129314.33
2012,110000,3,1,1,0,19.4,1198.0,86.8,5.0,229999,301330.08,-71331.08
2006,80000,3,1,1,2,17.7,1497.0,78.0,5.0,93150,225126.58,-131976.58
2011,30000,3,1,1,0,19.81,1086.0,68.05,5.0,300000,241084.99,58915.01
2017,40000,3,1,1,0,20.3,1199.0,84.0,5.0,493000,528324.98,-35324.98
2015,80000,1,1,0,2,12.55,2982.0,168.5,7.0,1500000,1860410.0,-360410.0
2017,65000,1,1,1,2,21.04,1461.0,83.8,7.0,690000,693818.68,-3818.68
2015,60000,1,1,1,0,15.4,1997.0,120.0,7.0,630000,822921.66,-192921.66
2010,44500,3,0,1,0,16.47,1198.0,74.0,5.0,210000,237774.96,-27774.96
2013,110000,1,1,1,2,21.27,1396.0,88.76,5.0,380000,375063.18,4936.82
2013,120000,1,1,1,2,15.1,2179.0,140.0,7.0,800000,744183.33,55816.67
2008,70000,3,1,1,4,17.7,1497.0,78.0,5.0,150000,228341.5,-78341.5
2019,24000,1,1,1,0,28.4,1248.0,74.02,5.0,750000,716646.05,33353.95
1997,110000,3,1,1,2,16.1,796.0,37.0,4.0,50000,52650.1,-2650.1
2012,162000,1,1,1,1,12.8,2494.0,102.0,7.0,520000,797925.0,-277925.0
2014,70000,1,1,1,2,25.2,1248.0,74.0,5.0,520000,470820.8,49179.2
2009,110000,3,1,1,2,18.2,1061.0,64.0,5.0,120000,161584.34,-41584.34
2006,120000,1,1,1,4,16.8,1405.0,68.0,5.0,85000,122705.36,-37705.36
2012,27500,3,1,1,0,18.5,1197.0,82.9,5.0,380000,365655.0,14345.0
2019,2560,3,1,0,0,24.0,1199.0,83.81,5.0,520000,526925.0,-6925.0
2013,100000,1,1,1,0,20.0,1399.0,68.1,5.0,240000,256183.27,-16183.27
2004,120000,3,1,1,4,18.9,998.0,67.1,5.0,120000,110749.52,9250.48
2019,7032,3,2,0,0,19.0,1199.0,88.76,5.0,779000,701933.0,77067.0
2015,120000,1,1,1,0,12.99,2494.0,100.6,7.0,1050000,1151550.0,-101550.0
2012,80000,1,1,1,2,19.3,1248.0,73.9,5.0,495000,323225.0,171775.0
2017,50000,1,1,1,0,22.54,1396.0,88.73,5.0,575000,714956.67,-139956.67
2012,77000,1,1,1,0,20.4,1248.0,91.7,5.0,300000,307594.97,-7594.97
2012,93000,1,1,1,0,20.77,1248.0,88.76,7.0,550000,421224.86,128775.14
2013,43000,3,1,1,2,19.0,998.0,67.1,5.0,235000,234133.32,866.68
2011,25000,3,0,1,0,18.16,1196.0,86.8,5.0,245000,261701.66,-16701.66
2007,170000,1,1,1,0,12.8,2494.0,102.0,8.0,400000,548524.98,-148524.98
2016,90000,3,1,1,0,23.84,1199.0,84.0,5.0,300000,348113.18,-48113.18
2011,65000,3,1,0,4,12.6,1586.0,103.3,5.0,260000,421330.0,-161330.0
2018,45000,3,1,1,2,23.84,1199.0,84.0,5.0,480000,381214.81,98785.19
2018,30000,1,1,0,0,22.0,1582.0,126.2,5.0,1000000,1181150.0,-181150.0
2020,15000,3,1,1,0,23.84,1199.0,83.83,5.0,500000,462637.48,37362.52
2015,30000,3,1,0,0,15.63,1499.0,110.4,5.0,775000,740008.33,34991.67
2012,120000,1,1,1,0,12.05,2179.0,120.0,8.0,525000,646459.99,-121459.99
2016,56900,1,1,1,2,13.68,2393.0,147.8,8.0,1490000,1514074.96,-24074.96
2011,84321,1,1,1,0,23.57,1396.0,70.0,5.0,200000,210590.0,-10590.0
2012,38000,3,0,1,2,24.7,796.0,47.3,5.0,200000,239490.33,-39490.33
2014,121000,3,0,1,0,19.1,1197.0,82.0,5.0,355000,424484.98,-69484.98
2015,120000,1,1,1,0,18.2,1248.0,73.8,8.0,370000,406093.3,-36093.3
2010,190000,1,1,1,2,19.3,1248.0,73.9,5.0,350000,265910.42,84089.58
2009,120000,1,1,1,0,13.6,2523.0,63.0,7.0,290000,302500.0,-12500.0
2015,140000,1,1,1,0,20.0,1399.0,68.05,5.0,300000,319369.94,-19369.94
2008,58632,3,0,1,2,14.0,796.0,35.0,5.0,114999,111468.43,3530.57
2012,110000,1,1,1,2,19.09,1396.0,69.0,5.0,158000,188397.14,-30397.14
2011,70000,1,1,1,2,20.54,1598.0,103.6,5.0,250000,348000.0,-98000.0
2010,100000,1,1,1,2,18.8,1248.0,90.0,5.0,200000,191002.48,8997.52
1999,40000,3,1,1,2,16.1,796.0,37.0,4.0,40000,44405.0,-4405.0
2014,120000,1,1,1,0,19.01,1461.0,108.45,5.0,500000,572152.49,-72152.49
2017,38000,1,0,1,2,19.44,1248.0,81.83,5.0,525000,713861.67,-188861.67
2015,62000,1,0,1,0,21.0,1498.0,74.96,7.0,445000,488232.48,-43232.48
2012,100000,2,1,1,2,26.2,998.0,58.2,5.0,300000,249701.96,50298.04
2018,7000,3,1,1,0,22.5,999.0,67.0,5.0,310000,327855.0,-17855.0
2013,90000,1,1,1,2,22.9,1248.0,74.0,5.0,370000,374660.8,-4660.8
2018,25000,3,1,1,0,19.34,1462.0,103.0,7.0,900000,772957.31,127042.69
2015,61000,1,0,1,2,22.71,1461.0,84.8,5.0,499000,484892.39,14107.61
2019,19600,1,1,1,0,22.1,1396.0,88.7,5.0,990000,1021009.64,-31009.64
2016,120000,1,1,1,0,22.95,1248.0,74.0,5.0,320000,432464.88,-112464.88
2019,30000,1,1,1,0,28.4,1248.0,74.02,5.0,700000,764528.5,-64528.5
2018,25000,1,1,1,0,16.55,2498.0,105.0,6.0,875000,895057.04,-20057.04
2017,80000,1,1,1,0,22.54,1396.0,88.73,5.0,670000,679012.5,-9012.5
2017,40000,1,1,1,0,16.5,1493.0,70.0,7.0,620000,691822.5,-71822.5
2014,90000,1,1,1,0,23.4,1248.0,74.0,5.0,465000,510989.27,-45989.27
2010,120000,1,1,1,2,16.2,1493.0,110.0,5.0,195000,277425.0,-82425.0
2007,50000,1,1,1,0,17.88,1396.0,52.8,5.0,90000,150439.99,-60439.99
2011,80000,1,1,1,4,22.32,1582.0,126.3,5.0,440000,433309.98,6690.02
2019,10000,1,1,0,0,21.5,1497.0,108.5,5.0,1140000,990540.0,149460.0
2016,15000,3,1,1,0,23.95,998.0,67.05,5.0,300000,325085.0,-25085.0
2006,140000,3,1,1,2,14.4,1599.0,94.0,5.0,110000,129172.5,-19172.5
2016,110000,1,1,1,0,16.0,2179.0,140.0,7.0,1175000,1014449.92,160550.08
2018,1000,3,1,0,0,18.0,1497.0,117.6,5.0,1085000,1227675.0,-142675.0
2014,89000,1,0,1,0,22.9,1248.0,74.0,5.0,470000,452454.26,17545.74
2010,120000,3,1,1,4,15.6,1196.0,70.0,5.0,229999,175480.0,54519.0
2016,20000,3,1,1,2,20.51,998.0,67.04,5.0,400000,393577.08,6422.92
2016,56832,1,0,1,0,19.87,1461.0,83.14,5.0,495000,560699.88,-65699.88
2017,82000,1,1,1,0,18.49,1493.0,100.0,7.0,660000,707437.48,-47437.48
2013,80000,1,1,1,2,22.32,1582.0,126.32,5.0,580000,457409.57,122590.43
2005,74000,3,1,1,2,12.8,1396.0,85.0,5.0,90000,96712.5,-6712.5
2016,80000,3,1,1,2,18.9,1197.0,82.0,5.0,400000,406104.96,-6104.96
2017,15000,3,1,1,0,21.4,1197.0,83.1,5.0,625000,597056.24,27943.76
2006,70000,3,1,1,2,16.1,796.0,37.0,4.0,155000,81346.22,73653.78
2017,35000,3,0,1,0,17.0,1197.0,80.0,5.0,600000,585760.0,14240.0
2014,103000,1,1,1,0,15.96,2523.0,62.1,7.0,550000,494601.59,55398.41
2017,26766,1,0,1,0,21.5,1497.0,108.5,5.0,919999,790384.96,129614.04
2013,50000,3,1,1,2,18.9,998.0,67.1,5.0,260000,240548.32,19451.68
2016,30000,1,1,1,2,17.21,1493.0,100.0,7.0,403000,663867.5,-260867.5
2015,30000,3,1,1,0,20.85,1197.0,83.14,5.0,511000,494364.76,16635.24
2019,5000,3,1,1,0,23.87,1197.0,88.5,5.0,700000,660977.5,39022.5
2008,110000,1,1,1,4,10.5,2609.0,120.0,7.0,250000,315274.7,-65274.7
2003,147000,3,1,1,1,18.9,998.0,67.1,5.0,50000,89185.0,-39185.0
2015,125000,1,1,1,0,15.1,2179.0,140.0,7.0,650000,902712.59,-252712.59
2012,48000,0,1,1,0,13.2,1495.0,93.7,5.0,275000,286739.97,-11739.97
2017,25000,3,1,1,0,25.17,799.0,53.3,5.0,340000,304516.67,35483.33
1997,25000,3,1,1,4,16.1,796.0,37.0,4.0,60000,54029.86,5970.14
2011,50000,3,1,1,0,19.7,796.0,46.3,5.0,175000,194160.0,-19160.0
2017,90000,1,1,1,0,24.3,1248.0,88.5,5.0,750000,726005.0,23995.0
2003,157138,1,1,1,4,10.5,2179.0,120.0,7.0,195000,225704.95,-30704.95
2018,30000,3,1,0,2,24.04,999.0,67.0,5.0,400000,351534.96,48465.04
2012,186000,1,1,1,0,23.57,1396.0,70.0,5.0,229999,205670.0,24329.0
2017,120000,1,1,1,0,19.87,1461.0,83.8,5.0,650000,627476.59,22523.41
2017,46000,1,1,1,0,15.4,2179.0,120.0,7.0,880000,1090505.0,-210505.0
2013,170000,1,1,1,0,20.54,1598.0,103.6,5.0,450000,353700.21,96299.79
2011,100000,3,1,1,2,15.37,1196.0,73.0,7.0,160000,189794.94,-29794.94
2013,85036,1,0,1,2,15.1,2179.0,140.0,7.0,900000,641993.33,258006.67
2019,20000,3,0,0,0,22.37,2487.0,214.56,5.0,5150000,4319220.0,830780.0
2010,110000,1,1,1,4,20.4,1248.0,91.7,5.0,275000,222959.16,52040.84
2007,110000,1,1,1,1,12.7,2609.0,116.6,8.0,375000,321349.94,53650.06
2015,25000,3,1,1,0,15.85,1499.0,110.4,5.0,800000,713220.0,86780.0
2008,120000,1,1,0,2,14.84,2143.0,170.0,5.0,515000,839415.0,-324415.0
2001,60000,3,1,1,2,16.1,796.0,37.0,4.0,45000,54775.0,-9775.0
2017,18000,3,0,0,0,15.6,1497.0,116.3,5.0,925000,911850.0,13150.0
2013,70000,1,1,1,0,12.83,2696.0,162.0,7.0,900000,1000135.0,-100135.0
2015,100000,1,1,1,0,25.2,1248.0,73.94,5.0,450000,469084.2,-19084.2
2011,130000,1,1,1,2,17.8,1399.0,68.0,5.0,320000,248799.98,71200.02
2015,90000,1,1,1,0,21.19,1396.0,88.73,5.0,625000,552491.25,72508.75
2009,120000,3,1,1,4,18.0,995.0,62.0,5.0,95000,96701.24,-1701.24
2016,80000,1,1,1,0,24.52,1248.0,88.5,7.0,750000,785981.17,-35981.17
2015,100000,1,1,0,2,15.26,2143.0,203.2,5.0,2600000,2375605.0,224395.0
2012,51000,3,1,1,0,16.1,796.0,37.0,4.0,100000,125435.0,-25435.0
2012,135000,1,1,1,4,19.44,1248.0,81.83,5.0,434999,340422.46,94576.54
2014,65000,1,1,1,0,25.2,1248.0,74.0,5.0,425000,486710.78,-61710.78
2018,20000,1,1,1,0,21.5,1497.0,108.5,5.0,980000,944214.43,35785.57
2013,40000,1,1,1,0,23.4,1248.0,74.0,5.0,530000,471924.98,58075.02
2011,110000,1,1,1,2,21.1,1248.0,73.9,5.0,290000,284399.99,5600.01
2012,88000,3,1,1,0,17.5,1298.0,85.8,5.0,300000,333581.65,-33581.65
2017,42000,3,1,1,2,19.81,1086.0,68.05,5.0,385000,380709.94,4290.06
2014,90000,1,1,1,0,22.9,1248.0,74.0,5.0,530000,458229.29,71770.71
2016,2118,3,0,1,0,19.4,1198.0,86.8,5.0,475000,445022.41,29977.59
2019,10000,3,1,0,0,14.84,1598.0,103.2,5.0,835000,868897.98,-33897.98
2019,40000,1,1,1,0,24.3,1248.0,88.5,5.0,900000,865799.92,34200.08
2010,58544,3,0,1,2,17.4,1497.0,117.3,5.0,350000,346320.0,3680.0
2019,20000,3,1,0,0,17.4,1497.0,117.6,5.0,1300000,1154710.0,145290.0
2011,222300,1,1,1,0,22.07,1199.0,73.9,5.0,220000,278933.72,-58933.72
2011,167000,3,1,1,0,19.44,1248.0,81.83,5.0,270000,289912.5,-19912.5
2015,70000,1,1,1,0,20.77,1248.0,88.76,7.0,650000,623505.0,26495.0
2008,80000,1,1,1,0,12.2,1948.0,68.0,10.0,200000,218120.26,-18120.26
2012,80000,1,1,1,1,21.5,1248.0,88.8,5.0,380000,319236.17,60763.83
2012,110000,1,1,1,0,19.3,1248.0,73.9,5.0,340000,310632.92,29367.08
2013,49000,3,1,1,2,18.5,1197.0,82.85,5.0,315000,445725.64,-130725.64
2006,170000,1,1,1,0,13.6,2523.0,63.0,7.0,145000,211188.32,-66188.32
2008,112000,2,1,1,2,17.3,1061.0,57.5,5.0,170000,112334.98,57665.02
2017,65000,3,0,1,0,19.02,1198.0,67.05,7.0,325000,369679.99,-44679.99
2017,23511,3,1,1,0,18.6,1197.0,81.83,5.0,625000,632893.39,-7893.39
2016,120000,1,1,1,0,14.1,2179.0,147.94,5.0,900000,722750.0,177250.0
2016,35000,3,1,1,0,19.49,1198.0,67.04,5.0,370000,319123.33,50876.67
2015,70000,1,1,1,2,28.09,1248.0,88.5,5.0,630000,604054.99,25945.01
2019,5000,3,1,1,0,20.0,999.0,72.0,7.0,600000,662776.37,-62776.37
2013,70000,1,1,1,0,23.4,1248.0,74.0,5.0,550000,345380.0,204620.0
2018,33360,1,0,1,0,22.77,1498.0,98.59,5.0,925000,896575.83,28424.17
2018,30000,3,1,1,0,23.01,999.0,67.0,5.0,330000,354149.85,-24149.85
2014,50000,1,1,1,1,18.2,1248.0,73.8,8.0,350000,417753.32,-67753.32
2016,60000,3,1,1,2,23.01,999.0,67.0,5.0,315000,255679.98,59320.02
2018,15000,1,1,1,0,25.1,1248.0,88.5,5.0,990000,951088.33,38911.67
2017,5000,3,1,1,2,18.15,1198.0,82.0,6.0,325000,576450.0,-251450.0
2017,25000,3,1,1,0,20.14,1197.0,81.86,5.0,500000,526478.26,-26478.26
2017,56000,1,1,1,0,25.2,1248.0,74.0,5.0,660000,521335.0,138665.0
2014,147000,3,1,1,2,18.6,1197.0,81.83,5.0,400000,478109.96,-78109.96
2017,227000,3,1,1,0,17.5,1373.0,91.1,7.0,700000,619172.94,80827.06
2013,30000,3,1,1,0,25.4,624.0,37.48,4.0,80000,82430.0,-2430.0
2015,50000,1,1,1,2,21.19,1396.0,88.73,5.0,610000,579762.87,30237.13
2018,13534,3,0,1,0,14.28,1798.0,138.03,5.0,1400000,1365470.0,34530.0
2007,2360457,3,1,1,2,18.6,1197.0,81.83,5.0,550000,166324.99,383675.01
2010,53000,3,1,1,2,21.1,1197.0,85.8,5.0,180000,274184.99,-94184.99
2008,120000,1,1,1,2,13.6,2523.0,63.0,7.0,190000,302055.0,-112055.0
2007,90000,3,1,0,0,12.9,1799.0,130.0,5.0,350000,209575.0,140425.0
2015,33243,3,0,1,0,21.4,1197.0,83.1,5.0,585000,517193.22,67806.78
2008,110000,0,1,1,4,13.2,1495.0,94.0,5.0,120000,160004.83,-40004.83
2011,80000,1,1,1,4,20.0,1399.0,68.0,5.0,155000,200150.0,-45150.0
2018,15000,3,1,1,0,17.0,1198.0,108.5,5.0,740000,778828.71,-38828.71
2010,100000,1,1,1,2,20.0,1399.0,68.0,5.0,210000,193731.63,16268.37
2018,20000,3,1,1,0,18.6,1197.0,81.83,5.0,801000,653786.25,147213.75
2006,120000,3,1,1,2,17.7,1497.0,78.0,5.0,180000,179438.33,561.67
2012,60000,3,1,1,0,19.4,1198.0,86.8,5.0,265000,308315.0,-43315.0
2018,4000,3,1,1,0,18.9,1197.0,81.86,5.0,540000,556825.0,-16825.0
2014,40000,3,1,1,2,18.9,1197.0,82.0,5.0,400000,424147.14,-24147.14
2012,80000,1,1,0,2,16.07,1995.0,181.0,5.0,1100000,1207525.0,-107525.0
2017,31100,3,0,1,0,22.7,799.0,53.64,5.0,270000,286502.69,-16502.69
2011,100000,1,1,1,2,13.6,2523.0,63.0,7.0,340000,427908.33,-87908.33
2018,15000,3,1,1,0,17.0,1497.0,121.36,5.0,910000,957295.0,-47295.0
2017,50000,1,1,1,0,22.27,1498.0,108.6,5.0,750000,798835.4,-48835.4
2015,30000,1,1,0,2,12.55,2982.0,168.5,7.0,1850000,1957660.0,-107660.0
1999,100000,3,1,1,4,17.3,993.0,60.0,5.0,45000,63425.0,-18425.0
2013,55000,2,1,1,0,14.4,998.0,61.7,5.0,275000,212365.0,62635.0
2011,80000,1,1,1,2,13.5,2179.0,115.0,5.0,484999,393850.0,91149.0
2016,48000,1,1,1,2,16.0,2179.0,140.0,7.0,925000,1144459.99,-219459.99
2015,65000,1,1,1,0,15.1,2179.0,140.0,7.0,1050000,881684.07,168315.93
2015,90000,1,1,1,0,26.21,1248.0,88.5,5.0,625000,610320.0,14680.0
2012,90000,3,1,1,2,15.3,1596.0,99.6,5.0,256000,309106.55,-53106.55
2012,70000,1,1,1,0,12.05,2179.0,120.0,8.0,459999,575999.17,-116000.17
2013,68000,1,1,1,0,22.1,1248.0,76.9,5.0,355000,258509.98,96490.02
2018,26000,1,1,1,0,28.4,1248.0,74.0,5.0,685000,692327.5,-7327.5
2016,40000,1,1,1,0,19.87,1461.0,83.8,5.0,515000,633064.99,-118064.99
2017,42000,3,1,1,0,23.84,1199.0,84.0,5.0,425000,369058.33,55941.67
2018,25000,3,1,1,0,23.84,1199.0,84.0,5.0,438999,458462.9,-19463.9
2015,25000,3,1,1,0,23.1,998.0,67.04,5.0,350000,381465.78,-31465.78
2010,35000,3,1,1,0,19.7,796.0,46.3,5.0,190000,167875.0,22125.0
2010,80000,3,1,1,0,17.0,1197.0,80.0,5.0,350000,253229.91,96770.09
2013,149000,1,1,1,0,23.4,1248.0,74.0,5.0,475000,460820.0,14180.0
2011,218000,1,1,1,0,21.0,1461.0,64.1,5.0,180000,204901.08,-24901.08
2016,110000,1,1,1,0,24.52,1248.0,88.5,7.0,725000,704348.17,20651.83
2014,78000,1,0,1,2,15.05,2179.0,147.9,7.0,525000,697359.99,-172359.99
2012,120000,1,1,1,1,15.3,2956.0,83.8,7.0,250999,311065.83,-60066.83
2007,80000,1,1,1,2,11.57,2179.0,138.1,7.0,250000,251854.8,-1854.8
2009,110000,3,1,1,0,20.36,1197.0,78.9,5.0,142000,192650.0,-50650.0
2012,100000,3,1,1,2,16.8,1497.0,116.3,5.0,540000,488731.0,51269.0
2018,15000,3,1,1,0,18.6,1197.0,81.83,5.0,610000,646215.0,-36215.0
2017,80000,1,1,1,0,24.52,1248.0,88.5,7.0,720000,797112.08,-77112.08
2011,170000,1,1,1,0,19.3,1248.0,73.9,5.0,250000,307600.0,-57600.0
2019,10000,3,1,1,0,24.0,1199.0,83.81,5.0,550000,500141.56,49858.44
2006,150000,3,1,1,2,19.7,796.0,46.3,5.0,85000,116723.54,-31723.54
2009,242000,1,1,1,1,12.8,2494.0,102.0,7.0,650000,522764.84,127235.16
2018,15000,3,1,1,0,21.21,1197.0,81.8,5.0,650000,632737.5,17262.5
2015,50000,1,1,1,2,24.4,1120.0,71.0,5.0,500000,411827.49,88172.51
2015,60000,3,1,1,0,25.4,624.0,37.48,4.0,130000,122850.0,7150.0
2011,54000,1,1,1,2,18.4,1248.0,75.0,5.0,130000,291134.98,-161134.98
2014,136000,1,1,1,0,15.1,2179.0,140.0,7.0,800000,725083.07,74916.93
2017,10000,3,1,0,0,21.4,1197.0,83.1,5.0,745000,666417.08,78582.92
2015,49800,1,0,1,0,24.7,1498.0,98.63,5.0,425000,649212.34,-224212.34
2016,20000,3,1,1,0,17.5,1373.0,91.1,7.0,850000,701012.5,148987.5
2017,20000,1,1,1,0,24.0,1186.0,73.97,5.0,600000,585232.6,14767.4
2018,15000,3,1,1,0,17.0,1198.0,108.5,5.0,750000,778828.71,-28828.71
2012,108000,1,0,0,0,17.42,1968.0,175.0,5.0,900000,1312925.0,-412925.0
2000,100000,3,1,1,2,16.1,796.0,37.0,4.0,60000,65672.52,-5672.52
2019,20000,1,1,1,0,23.0,1498.0,98.96,5.0,950000,1066823.31,-116823.31
2011,80000,1,1,1,0,20.0,1399.0,68.0,5.0,300000,225792.92,74207.08
2012,100000,1,1,1,2,20.46,1461.0,83.8,5.0,400000,419599.96,-19599.96
2012,100000,1,1,1,2,14.0,2498.0,112.0,8.0,409999,332090.0,77909.0
2017,80000,3,1,1,0,20.73,1373.0,91.1,5.0,810000,694580.5,115419.5
2017,40000,1,1,1,0,26.59,1248.0,74.0,5.0,635000,658490.0,-23490.0
2016,80000,1,1,1,2,15.96,2523.0,63.0,9.0,550000,576830.0,-26830.0
2015,5000,3,1,1,0,20.51,998.0,67.04,5.0,430000,401963.06,28036.94
2014,65000,3,1,1,0,20.36,1197.0,78.9,5.0,300000,345750.0,-45750.0
2017,80000,3,1,1,0,22.7,799.0,53.0,5.0,229999,266819.2,-36820.2
2003,70000,3,1,1,2,19.44,1248.0,81.83,5.0,68000,57530.0,10470.0
2019,28000,3,1,0,0,18.9,1197.0,81.86,5.0,550000,554159.98,-4159.98
2018,19100,3,1,1,0,19.0,1194.0,94.68,5.0,700000,648811.25,51188.75
2015,70000,3,1,1,0,18.9,1197.0,82.0,5.0,425000,442225.71,-17225.71
2017,15000,1,1,1,0,17.1,1956.0,170.0,5.0,1515000,1574374.33,-59374.33
2004,110000,3,1,1,4,12.8,1493.0,100.0,5.0,198000,173782.5,24217.5
2016,112000,1,0,1,2,15.4,1997.0,120.0,7.0,1000000,974169.99,25830.01
2017,20000,3,1,1,0,24.7,796.0,47.3,5.0,310000,321429.58,-11429.58
2015,35000,3,1,1,0,18.6,1197.0,81.83,5.0,630000,565347.5,64652.5
2008,152500,1,1,1,0,17.8,1248.0,75.0,5.0,235000,270897.47,-35897.47
2005,90000,3,1,0,2,19.7,796.0,46.3,5.0,80000,102554.5,-22554.5
2015,50000,1,1,1,0,20.14,1498.0,88.8,5.0,434999,575053.31,-140054.31
2014,120000,1,1,1,0,23.59,1364.0,67.04,5.0,430999,417569.89,13429.11
2011,156000,1,1,1,0,11.57,2179.0,138.1,7.0,350000,299659.64,50340.36
2012,60000,3,1,1,2,19.7,796.0,46.3,5.0,185000,181140.0,3860.0
2013,90000,3,1,1,2,18.9,998.0,67.1,5.0,300000,233505.0,66495.0
2019,25000,1,1,0,2,15.1,2179.0,152.87,7.0,1650000,1989156.67,-339156.67
2011,65000,1,1,1,2,20.54,1598.0,103.6,5.0,295000,361075.0,-66075.0
2009,71000,3,0,0,0,12.1,2362.0,164.7,5.0,450000,541124.98,-91124.98
2009,120000,1,1,1,0,21.1,1248.0,73.9,5.0,155000,252867.93,-97867.93
2015,62000,1,1,1,2,24.4,1120.0,71.0,5.0,509999,382519.99,127479.01
2008,80000,3,1,1,4,16.1,1298.0,88.2,5.0,170000,179554.86,-9554.86
2019,25000,3,1,0,1,20.3,1086.0,68.0,5.0,466000,463074.98,2925.02
2018,50000,1,1,1,0,14.24,2755.0,174.5,7.0,3200000,2862305.0,337695.0
2012,120000,1,1,1,2,19.44,1248.0,81.83,5.0,300000,276023.75,23976.25
2006,59000,3,1,1,2,18.9,998.0,67.1,5.0,125000,106763.33,18236.67
2009,80000,3,1,1,2,18.0,995.0,62.0,5.0,150000,89390.26,60609.74
2017,14000,1,1,1,0,22.54,1396.0,88.73,5.0,800000,719841.64,80158.36
2016,15000,3,1,1,0,18.6,1199.0,76.8,5.0,300000,373182.5,-73182.5
2013,120000,1,1,1,2,23.2,1248.0,73.94,5.0,300000,297749.97,2250.03
2015,50000,1,1,1,0,22.77,1498.0,98.59,5.0,600000,636435.71,-36435.71
2018,30000,1,1,0,0,17.09,2993.0,261.4,4.0,5830000,5536525.0,293475.0
2020,5000,3,1,0,0,20.7,1197.0,81.86,5.0,675000,577256.66,97743.34
2009,120000,1,1,1,2,18.8,1248.0,90.0,5.0,180000,185862.49,-5862.49
2007,121000,1,1,1,2,18.1,1493.0,110.0,5.0,245000,191549.99,53450.01
2015,70000,1,1,1,0,26.0,1498.0,98.6,5.0,600000,607814.98,-7814.98
2014,35000,0,1,1,0,22.8,1373.0,80.9,7.0,545000,445667.07,99332.93
2014,147279,1,1,1,2,17.0,2200.0,139.01,7.0,555000,707608.29,-152608.29
2014,53000,3,1,1,0,20.36,1197.0,78.9,5.0,275000,324092.5,-49092.5
2015,20000,3,1,1,0,19.1,1197.0,82.0,5.0,450000,418964.17,31035.83
2017,60000,1,1,1,0,28.09,1248.0,88.5,5.0,750000,719899.98,30100.02
2019,10000,3,1,1,0,21.21,1197.0,81.8,5.0,585000,560420.8,24579.2
2012,120000,1,1,1,0,25.44,936.0,57.6,5.0,180000,167898.75,12101.25
2018,10000,3,1,1,2,21.4,1197.0,83.1,5.0,700000,567818.89,132181.11
2019,22000,3,1,1,0,17.0,1197.0,110.0,5.0,1000000,971569.11,28430.89
2012,90000,1,1,1,2,20.46,1461.0,83.8,5.0,545000,432647.02,112352.98
2014,50000,1,1,1,2,21.79,1248.0,88.73,5.0,425000,460574.98,-35574.98
2018,59865,1,0,1,0,15.1,2179.0,152.87,7.0,1051000,1414724.99,-363724.99
2019,9000,1,1,1,0,24.3,1248.0,88.5,5.0,890000,934317.5,-44317.5
2012,129000,1,1,1,0,19.3,1248.0,73.9,5.0,400000,325650.42,74349.58
2017,40000,3,1,1,0,20.51,998.0,67.04,5.0,475000,408388.11,66611.89
2016,70000,1,1,1,2,24.52,1248.0,88.5,7.0,756000,769201.67,-13201.67
2015,50000,3,1,1,0,14.28,1798.0,138.03,5.0,1100000,851612.45,248387.55
2007,119000,1,1,1,1,16.8,1493.0,110.0,5.0,135000,181160.0,-46160.0
2017,60000,1,1,1,2,16.55,2498.0,105.0,6.0,800000,753033.99,46966.01
2012,80000,1,1,1,2,22.32,1582.0,126.32,5.0,440000,428052.89,11947.11
2005,70000,3,1,1,1,19.7,796.0,46.3,5.0,125000,90971.67,34028.33
2005,85000,3,1,1,0,15.3,1341.0,83.0,5.0,65000,86925.0,-21925.0
2013,61500,3,0,1,0,18.5,1197.0,82.85,5.0,525000,385227.96,139772.04
2018,50000,1,1,1,0,16.5,1493.0,70.0,7.0,750000,755949.03,-5949.03
2015,80000,1,1,1,2,15.4,2179.0,120.0,7.0,950000,1009080.42,-59080.42
2012,120000,1,1,1,0,15.96,2523.0,62.1,7.0,430000,425907.32,4092.68
2020,5000,3,1,0,0,20.89,1197.0,81.8,5.0,600000,590932.5,9067.5
2013,139000,1,1,1,0,20.77,1248.0,88.76,7.0,620000,481379.8,138620.2
2014,60000,3,1,1,2,22.74,796.0,47.3,5.0,196000,210871.66,-14871.66
2018,15000,3,1,1,0,18.16,1196.0,86.8,5.0,590000,585190.0,4810.0
2017,80000,3,1,1,0,20.51,998.0,67.04,5.0,360000,388987.24,-28987.24
2007,80000,1,1,1,4,17.2,1396.0,53.5,5.0,50000,83390.0,-33390.0
2008,70000,3,1,1,2,15.26,1150.0,74.9,5.0,80000,156820.91,-76820.91
2015,35000,1,1,1,0,23.0,1248.0,88.7,5.0,400000,546154.15,-146154.15
2013,75000,3,1,1,2,21.1,814.0,55.2,5.0,225000,186690.0,38310.0
2012,90000,1,1,1,0,23.0,1396.0,90.0,5.0,330000,289742.66,40257.34
2012,250000,1,1,1,0,12.99,2494.0,100.0,7.0,730000,726187.45,3812.55
2013,35000,3,1,1,2,19.1,1197.0,85.8,5.0,459999,415764.68,44234.32
2013,200000,1,1,0,0,11.18,2696.0,184.0,7.0,850000,1036670.0,-186670.0
2012,215000,1,1,1,0,12.05,2179.0,120.0,7.0,470000,519074.99,-49074.99
2018,22000,3,1,1,0,20.3,1199.0,84.0,5.0,400000,544959.99,-144959.99
2006,50000,3,1,1,4,14.0,1061.0,64.0,5.0,150000,116729.99,33270.01
2019,5500,3,1,1,0,15.37,1196.0,73.0,7.0,359000,439739.1,-80739.1
1998,80000,3,1,1,1,16.1,796.0,37.0,4.0,45000,50119.0,-5119.0
2011,105000,1,1,1,2,19.2,1461.0,65.0,5.0,229999,228317.0,1682.0
2017,35000,1,1,1,0,28.4,1248.0,74.02,5.0,711000,731742.26,-20742.26
2013,65285,1,0,1,0,24.7,1498.0,98.63,5.0,350000,460347.46,-110347.46
2010,250000,1,1,1,2,12.8,2494.0,102.0,7.0,750000,522909.94,227090.06
2012,110000,3,1,1,0,15.37,1196.0,73.0,5.0,190000,238152.46,-48152.46
2019,25000,3,1,1,0,20.3,1199.0,84.0,5.0,450000,543009.9,-93009.9
2012,30078,3,0,1,0,15.3,1396.0,70.0,5.0,200000,266739.88,-66739.88
2016,30000,1,1,1,2,27.3,1498.0,98.6,5.0,650000,562094.95,87905.05
2012,59000,3,1,1,0,16.02,1373.0,93.7,7.0,560000,457061.62,102938.38
2010,70000,1,1,1,4,19.44,1248.0,81.83,5.0,300000,240617.43,59382.57
2011,45000,3,1,1,0,17.0,1197.0,80.0,5.0,300000,259025.0,40975.0
2008,112000,1,1,1,0,10.5,2609.0,120.0,9.0,450000,332719.96,117280.04
2015,30000,3,1,1,2,18.9,1197.0,81.86,5.0,360000,442375.81,-82375.81
2017,19000,3,1,1,0,18.6,1197.0,81.83,5.0,575000,651475.71,-76475.71
2017,30000,1,1,1,0,25.2,1248.0,74.0,5.0,660000,589947.14,70052.86
2014,70000,1,1,1,2,15.05,2179.0,147.9,7.0,480000,685996.67,-205996.67
2011,134000,1,1,1,2,22.07,1199.0,73.9,5.0,325000,287856.51,37143.49
2006,100000,3,1,0,2,16.0,1061.0,64.0,5.0,100000,107568.33,-7568.33
2007,150000,1,1,1,1,17.8,1248.0,75.0,5.0,250000,198328.54,51671.46
2017,60000,3,1,1,0,20.3,998.0,68.05,5.0,300000,314447.46,-14447.46
2015,110000,1,1,1,0,27.39,1248.0,74.0,5.0,590000,502439.18,87560.82
2013,200000,1,1,1,2,20.07,1461.0,75.0,8.0,300000,468057.42,-168057.42
2016,23700,3,1,1,0,20.4,1197.0,81.8,5.0,470000,486570.83,-16570.83
2009,137000,1,1,1,2,17.0,1405.0,70.0,5.0,135000,123016.7,11983.3
2017,58559,1,0,1,0,25.2,1248.0,74.0,5.0,693000,544632.5,148367.5
2011,120000,1,1,1,0,21.12,1248.0,88.8,5.0,265000,253094.98,11905.02
2017,60000,3,1,1,0,25.17,799.0,53.3,5.0,300000,285880.71,14119.29
2017,35000,3,1,1,0,17.57,1193.0,88.7,5.0,350000,400275.18,-50275.18
2016,70000,3,1,0,0,13.7,1991.0,183.0,5.0,2000000,1763082.42,236917.58
2009,77000,3,1,1,0,17.92,1086.0,62.1,5.0,150000,166716.51,-16716.51
2014,110000,1,1,1,2,13.49,2179.0,138.03,5.0,440000,576144.86,-136144.86
2017,50000,1,1,1,0,25.32,1198.0,77.0,6.0,400000,472575.0,-72575.0
2014,72000,3,1,1,0,19.1,1197.0,85.8,5.0,480000,426994.94,53005.06
2014,76000,1,1,1,0,15.96,2523.0,62.1,9.0,550000,521812.42,28187.58
2011,55403,3,0,1,0,18.6,1197.0,85.8,5.0,277000,241855.0,35145.0
2017,40906,1,0,1,0,21.66,1498.0,108.62,5.0,700000,601592.2,98407.8
2016,100000,1,1,1,0,22.54,1396.0,88.73,5.0,680000,659071.67,20928.33
2011,110000,3,1,1,2,15.0,1368.0,90.0,5.0,250000,235799.91,14200.09
2000,90000,3,1,1,2,19.7,796.0,46.3,5.0,45957,117944.83,-71987.83
2017,30000,3,1,1,0,18.6,1197.0,81.83,5.0,700000,611428.83,88571.17
2007,57000,3,1,1,0,19.7,796.0,46.3,5.0,135000,125490.0,9510.0
2009,80000,3,1,1,2,20.36,1197.0,78.9,5.0,150000,180415.67,-30415.67
2015,110000,1,1,1,2,15.96,2523.0,62.1,7.0,540000,538632.77,1367.23
2007,74800,3,1,1,2,18.2,998.0,67.1,5.0,160000,97285.48,62714.52
2010,143000,3,1,1,0,17.5,1298.0,85.8,5.0,240000,210372.49,29627.51
2011,110000,3,1,1,1,19.7,796.0,46.3,5.0,122000,169448.33,-47448.33
2018,53000,1,1,1,0,23.0,1498.0,98.96,5.0,700000,945042.56,-245042.56
2013,80000,3,1,1,0,21.1,814.0,55.2,5.0,200000,192241.66,7758.34
2009,80000,3,1,1,0,16.6,1197.0,85.0,5.0,270000,231054.58,38945.42
2015,80000,1,1,1,0,25.83,1498.0,99.0,5.0,480000,466164.73,13835.27
2016,13500,3,1,1,0,18.9,1197.0,82.0,5.0,470000,462562.5,7437.5
2015,45000,3,1,1,0,21.1,814.0,55.2,5.0,300000,259316.59,40683.41
2013,120000,1,1,1,0,22.07,1199.0,73.9,5.0,325000,280750.72,44249.28
2012,40000,1,1,1,0,23.57,1396.0,70.0,5.0,300000,256884.98,43115.02
2011,50000,1,1,1,0,19.0,1248.0,90.0,5.0,340000,308768.27,31231.73
2009,48000,1,1,1,2,17.0,1405.0,71.0,5.0,152000,129955.0,22045.0
2014,80000,1,1,1,2,24.0,1120.0,70.0,5.0,430000,386284.82,43715.18
2009,53000,3,1,1,2,20.36,1197.0,78.9,5.0,200000,172142.53,27857.47
2018,30000,3,1,0,0,20.51,998.0,67.0,5.0,472000,445525.22,26474.78
2012,107825,1,1,1,2,21.9,1396.0,90.0,5.0,320000,310626.67,9373.33
2019,15000,3,1,1,0,21.21,1197.0,81.8,5.0,500000,621906.66,-121906.66
2018,40000,1,1,1,0,16.5,1493.0,70.0,7.0,630000,768123.21,-138123.21
2015,80000,3,1,1,0,18.2,1199.0,82.4,5.0,220000,316745.0,-96745.0
2010,110000,3,1,1,2,17.3,1061.0,64.0,5.0,200000,180008.74,19991.26
2017,50000,3,1,1,0,18.5,1198.0,86.8,5.0,400000,481049.9,-81049.9
2017,100000,1,1,1,2,16.5,1493.0,70.0,7.0,620000,635705.0,-15705.0
2018,60000,1,1,1,0,21.5,1497.0,108.5,5.0,790000,867704.93,-77704.93
2015,40000,1,1,1,0,15.96,2523.0,62.1,7.0,600000,564681.24,35318.76
2011,70000,1,1,1,2,10.5,2609.0,120.0,7.0,441000,637562.5,-196562.5
2012,103000,3,1,1,0,20.36,1197.0,78.9,5.0,250000,262620.67,-12620.67
2006,100000,3,1,1,2,19.44,1248.0,81.83,5.0,150000,131434.17,18565.83
2008,120000,3,1,1,2,19.44,1248.0,81.83,5.0,130000,146442.48,-16442.48
2017,26634,3,0,0,0,21.21,1197.0,81.8,5.0,600000,668339.96,-68339.96
2020,16000,1,0,1,0,17.0,1956.0,167.67,5.0,1650000,1721515.0,-71515.0
2015,15000,1,1,1,0,23.65,1248.0,88.5,5.0,800000,658036.66,141963.34
2012,104500,1,1,1,2,20.0,1399.0,68.0,5.0,200000,246156.66,-46156.66
2012,231438,1,1,1,2,18.4,1248.0,75.0,5.0,150000,232809.96,-82809.96
2016,40000,1,1,1,2,24.3,1248.0,88.5,5.0,720000,851114.17,-131114.17
2016,30000,3,1,1,4,25.17,799.0,53.3,5.0,254999,285431.67,-30432.67
2017,40000,3,1,1,0,17.5,1373.0,91.1,7.0,765000,705949.58,59050.42
2010,90000,1,1,1,2,18.8,1248.0,90.0,5.0,250000,172727.48,77272.52
2019,24857,3,0,0,3,16.5,1799.0,139.46,5.0,2000000,1616185.0,383815.0
2016,101000,1,1,1,0,16.55,2498.0,105.0,6.0,630000,647687.06,-17687.06
2017,28000,1,0,1,0,27.39,1248.0,74.0,5.0,752000,727430.0,24570.0
2016,79000,1,0,1,0,19.67,1582.0,126.2,5.0,925000,1031560.0,-106560.0
2009,120000,3,1,1,0,15.7,1390.0,75.0,5.0,135000,193521.65,-58521.65
2013,70000,3,1,1,2,18.6,1199.0,79.4,5.0,170000,203135.0,-33135.0
2011,87000,1,1,1,0,18.0,1248.0,75.0,5.0,180000,137562.5,42437.5
2019,10000,3,1,1,0,20.89,1197.0,81.8,5.0,500000,551744.91,-51744.91
2016,50000,0,1,1,2,26.6,998.0,58.16,5.0,300000,337572.5,-37572.5
2003,50000,3,1,1,2,19.44,1248.0,81.83,5.0,70000,112877.5,-42877.5
2012,80000,1,1,1,0,19.44,1248.0,81.83,5.0,300000,356110.42,-56110.42
2009,285000,1,1,1,4,12.8,2494.0,102.0,8.0,530000,482749.96,47250.04
2009,90000,3,1,1,1,17.92,1086.0,62.1,5.0,114999,160175.34,-45176.34
2013,70000,1,1,1,4,14.0,2523.0,75.0,8.0,600000,445387.44,154612.56
2011,155000,1,1,1,0,23.0,1396.0,90.0,5.0,320000,325530.0,-5530.0
2010,110000,1,1,1,1,17.8,1248.0,75.0,5.0,350000,291174.15,58825.85
2014,40000,3,1,1,4,22.74,796.0,47.3,5.0,200000,226572.8,-26572.8
2010,60000,3,1,1,4,19.7,796.0,46.3,5.0,160000,156858.32,3141.68
2006,120000,1,1,1,2,16.8,1493.0,110.0,5.0,135000,167664.98,-32664.98
2012,163720,1,0,1,0,18.5,1399.0,68.0,5.0,195000,304474.96,-109474.96
2018,20000,3,1,1,2,18.9,1197.0,81.86,5.0,500000,557271.66,-57271.66
2015,53000,1,1,1,0,24.0,1120.0,70.0,5.0,450000,395240.18,54759.82
2012,53000,1,1,1,2,23.0,1396.0,90.0,5.0,500000,344794.96,155205.04
2016,150000,1,1,1,0,26.59,1248.0,74.0,5.0,600000,603274.99,-3274.99
2016,60000,3,1,1,0,25.17,799.0,53.3,5.0,275000,288388.63,-13388.63
2003,20000,1,1,1,0,15.9,1527.0,57.0,5.0,70000,125710.99,-55710.99
2011,80000,1,1,1,0,17.0,1405.0,71.0,5.0,152000,224326.27,-72326.27
2018,18000,3,0,0,0,15.04,1991.0,183.0,5.0,2550000,2763847.43,-213847.43
2016,198000,1,1,1,0,18.2,1248.0,73.74,8.0,500000,394459.12,105540.88
2012,102000,1,1,1,2,12.8,2494.0,102.0,8.0,800000,754850.0,45150.0
2013,15000,3,1,1,0,18.6,1197.0,85.8,5.0,350000,416784.88,-66784.88
2017,26000,3,1,1,0,23.84,1199.0,84.0,5.0,400000,471416.07,-71416.07
2017,5000,3,1,1,0,18.6,1197.0,81.83,5.0,675000,656606.67,18393.33
2010,240000,1,1,1,0,11.5,2982.0,171.0,7.0,900000,1114250.0,-214250.0
2017,70000,1,1,1,0,16.3,1956.0,170.0,5.0,1950000,1640591.34,309408.66
2012,148000,1,1,1,2,12.05,2179.0,120.0,9.0,430000,456734.98,-26734.98
2016,50000,3,1,0,0,21.4,1197.0,83.1,5.0,650000,565479.13,84520.87
2013,48000,1,0,1,2,21.7,1498.0,98.96,5.0,475000,441953.82,33046.18
2013,25000,3,1,1,0,20.92,998.0,67.1,5.0,215000,244285.0,-29285.0
2016,50478,3,1,1,0,15.85,1499.0,110.4,5.0,670000,641555.41,28444.59
2018,35000,3,1,1,0,17.5,1199.0,88.7,5.0,900000,688800.0,211200.0
2007,108000,3,1,1,4,13.9,1599.0,103.2,5.0,220000,184030.0,35970.0
2008,110000,3,1,1,2,17.7,1497.0,78.0,5.0,200000,172076.96,27923.04
2011,80000,1,1,1,2,22.32,1582.0,126.32,5.0,360000,423885.0,-63885.0
2016,25000,3,1,1,0,20.51,998.0,67.04,5.0,350000,395125.42,-45125.42
2016,40000,3,1,0,0,10.75,2694.0,163.7,7.0,2100000,1624280.0,475720.0
2011,200000,1,1,1,2,17.0,1405.0,71.0,5.0,200000,152402.66,47597.34
2013,50000,1,1,1,0,22.1,1248.0,76.9,5.0,295000,312182.5,-17182.5
2016,140000,1,1,1,0,12.99,2494.0,100.6,8.0,1200000,1111040.0,88960.0
2011,50000,1,1,1,4,12.05,2179.0,120.0,8.0,600000,492505.0,107495.0
2019,5000,1,1,1,0,17.3,1497.0,121.0,7.0,1460000,1265385.0,194615.0
2014,26000,3,1,0,0,19.34,1198.0,76.0,5.0,361000,308425.0,52575.0
2018,10000,3,1,1,2,20.3,998.0,68.05,5.0,350000,431134.91,-81134.91
2006,70000,3,1,1,4,19.7,796.0,46.3,5.0,120000,97884.17,22115.83
2007,110000,1,1,1,2,10.5,2179.0,120.0,7.0,300000,246164.76,53835.24
2018,46000,1,1,1,0,19.67,1582.0,126.2,5.0,1237000,1158815.0,78185.0
2013,90000,1,1,1,0,20.77,1248.0,88.76,7.0,650000,516279.93,133720.07
2017,42000,3,1,1,0,15.29,1591.0,121.3,5.0,875000,875060.0,-60.0
2017,82050,1,1,1,0,19.3,1248.0,73.9,5.0,650000,457129.77,192870.23
2016,25000,3,1,1,0,18.7,1199.0,88.7,5.0,475000,539722.0,-64722.0
2012,70000,3,1,1,0,21.1,814.0,55.2,5.0,200000,179760.0,20240.0
2012,75000,1,1,1,0,23.08,1461.0,63.12,5.0,220000,280900.34,-60900.34
2007,70000,3,1,1,0,17.7,1497.0,78.0,5.0,220000,231658.09,-11658.09
2014,60000,1,1,1,2,12.99,2494.0,100.6,7.0,1019999,906695.68,113303.32
2010,200000,3,1,1,0,19.0,998.0,67.1,5.0,160000,179169.99,-19169.99
2015,74000,1,1,1,2,21.19,1396.0,88.73,5.0,580000,524430.38,55569.62
2019,17000,1,1,0,0,18.0,1969.0,190.0,5.0,5500000,3996730.0,1503270.0
2012,60300,1,1,1,0,22.07,1199.0,73.9,5.0,300000,277573.38,22426.62
2006,93000,3,1,1,2,16.1,1197.0,85.0,5.0,189000,175953.21,13046.79
2015,120000,1,1,1,0,11.57,2179.0,138.1,7.0,520000,836978.32,-316978.32
2015,79000,1,1,1,2,25.83,1498.0,99.0,5.0,530000,441384.73,88615.27
2012,12000,3,0,1,2,15.04,1598.0,103.6,5.0,535000,390679.88,144320.12
2014,120000,1,1,1,0,19.1,1405.0,70.0,5.0,250000,266289.94,-16289.94
2008,60000,1,1,1,2,12.8,1995.0,52.0,5.0,122000,161825.0,-39825.0
2018,35000,3,1,1,0,17.57,1193.0,88.7,5.0,459999,517002.5,-57003.5
2018,37161,1,0,1,0,22.7,1498.0,89.84,5.0,800000,827112.5,-27112.5
2006,168000,3,1,1,2,18.9,998.0,67.1,5.0,90000,103675.0,-13675.0
2016,20000,3,1,1,0,20.62,1198.0,67.0,7.0,385000,313833.75,71166.25
2017,50000,3,1,1,0,16.8,796.0,34.2,5.0,200000,235374.99,-35374.99
2006,80000,3,1,1,2,16.9,1497.0,100.0,5.0,150000,164790.0,-14790.0
2017,162000,1,1,1,0,14.1,2179.0,147.94,7.0,850000,824845.0,25155.0
2015,40000,3,1,1,0,18.2,1199.0,82.4,5.0,371000,322945.0,48055.0
2019,5000,3,1,1,0,17.0,1591.0,121.3,5.0,1149000,1159655.0,-10655.0
2013,67000,1,1,1,0,23.59,1364.0,67.1,5.0,450000,345327.64,104672.36
2018,50000,3,1,1,0,22.7,799.0,53.64,5.0,280000,307512.3,-27512.3
2012,90000,1,1,1,0,25.44,936.0,57.6,5.0,170000,164008.75,5991.25
2013,70000,3,1,1,0,17.01,1591.0,121.3,5.0,400000,507267.48,-107267.48
2016,50000,3,1,1,0,22.74,796.0,47.3,5.0,270000,247347.35,22652.65
2017,60000,1,1,0,2,17.01,1582.0,126.2,5.0,1000000,1086030.0,-86030.0
2007,63000,3,1,0,4,18.9,1061.0,67.0,5.0,80000,128491.67,-48491.67
2016,30000,1,1,1,0,24.0,1120.0,70.0,5.0,480000,535670.0,-55670.0
2020,1000,1,1,0,0,13.68,2393.0,147.51,7.0,2300000,2457781.66,-157781.66
2007,100000,3,1,1,4,18.9,1061.0,67.0,5.0,125000,99318.31,25681.69
2011,60000,3,1,1,2,20.36,1197.0,78.9,5.0,200000,234358.33,-34358.33
2017,60000,0,1,1,0,26.6,998.0,58.16,5.0,420000,383274.98,36725.02
2017,40000,1,1,1,0,25.32,1198.0,77.0,6.0,690000,472216.67,217783.33
2010,120000,1,1,1,2,21.43,1364.0,87.2,5.0,450000,291843.74,158156.26
2012,110000,1,1,1,2,23.08,1461.0,63.12,5.0,225000,244574.68,-19574.68
2014,123000,1,1,1,0,19.01,1461.0,108.45,5.0,400000,580872.5,-180872.5
2015,70000,3,1,0,2,18.9,1197.0,82.0,5.0,400000,418536.25,-18536.25
2014,40000,1,1,1,2,24.2,1498.0,98.6,7.0,600000,616664.98,-16664.98
2015,70000,1,1,1,0,26.21,1248.0,88.5,5.0,730000,613217.5,116782.5
2015,60000,3,1,1,0,20.51,998.0,67.04,5.0,320000,308955.0,11045.0
2016,70000,1,1,1,2,25.2,1248.0,74.0,5.0,565000,548776.7,16223.3
2018,10000,3,1,1,0,23.95,998.0,67.05,5.0,350000,412635.0,-62635.0
2011,80000,3,1,1,2,21.1,814.0,55.2,5.0,129000,177845.0,-48845.0
2016,25000,3,1,1,0,17.57,1193.0,88.7,5.0,400000,428310.0,-28310.0
2008,80000,1,1,1,2,19.3,1248.0,73.9,5.0,190000,235652.42,-45652.42
2012,90000,1,1,1,0,20.0,1399.0,68.0,5.0,300000,254762.9,45237.1
2017,10000,3,1,0,0,23.1,998.0,67.04,5.0,450000,453135.84,-3135.84
2019,10000,1,1,1,0,24.0,1186.0,73.97,5.0,700000,619172.5,80827.5
2014,80000,3,1,1,0,16.8,796.0,34.2,8.0,155000,190688.6,-35688.6
2013,83000,1,1,1,0,23.08,1461.0,63.1,5.0,400000,289769.97,110230.03
2009,110000,3,1,1,2,19.7,796.0,46.3,5.0,115999,126831.03,-10832.03
2011,108000,1,0,1,0,16.0,2179.0,140.0,7.0,475000,535845.0,-60845.0
2009,110000,1,1,1,0,13.6,2523.0,63.0,7.0,310000,337860.0,-27860.0
2005,60000,3,1,1,2,19.44,1248.0,81.83,5.0,85000,86672.5,-1672.5
2019,18000,3,1,1,0,18.6,1197.0,81.86,5.0,690000,694431.67,-4431.67
2014,70000,1,1,1,2,25.2,1248.0,74.0,5.0,570000,470820.8,99179.2
2018,50000,1,1,1,0,15.1,2179.0,152.87,7.0,1100000,1435275.0,-335275.0
2012,72000,1,1,1,0,21.5,1248.0,88.8,5.0,600000,328439.92,271560.08
2013,80000,3,1,1,0,19.4,1198.0,86.8,5.0,355000,329886.66,25113.34
2002,80000,3,1,1,2,17.3,993.0,60.0,5.0,65000,82172.5,-17172.5
2008,70000,1,1,0,4,19.44,1248.0,81.83,5.0,890000,231734.6,658265.4
2017,49000,1,0,1,0,25.4,1186.0,73.97,5.0,550000,613604.98,-63604.98
2014,88000,1,1,1,0,23.4,1248.0,74.0,5.0,580000,501279.27,78720.73
2011,70000,1,1,1,0,20.0,1399.0,68.0,5.0,225000,237094.98,-12094.98
2016,27000,3,1,1,0,23.1,998.0,67.04,5.0,459999,393788.33,66210.67
2012,80000,3,1,1,2,16.8,1497.0,116.3,5.0,330000,500094.96,-170094.96
2016,40000,1,1,1,0,24.52,1248.0,88.5,7.0,890000,828362.5,61637.5
2010,134000,1,1,1,2,19.44,1248.0,81.83,5.0,240000,291952.31,-51952.31
2013,100000,1,1,1,0,22.3,1248.0,88.8,5.0,325000,253929.13,71070.87
2015,53000,3,1,1,2,22.74,796.0,47.3,5.0,270000,230724.16,39275.84
2019,30000,3,1,1,0,20.3,1086.0,68.0,5.0,420000,464726.24,-44726.24
2018,5000,3,1,0,2,20.51,998.0,67.0,5.0,445000,492164.4,-47164.4
2012,120000,1,1,1,2,19.0,1405.0,71.0,5.0,135000,202701.55,-67701.55
2019,5000,3,1,1,0,18.78,999.0,75.0,5.0,570000,601646.25,-31646.25
2012,155000,1,0,1,0,12.8,2494.0,102.0,8.0,911000,879825.0,31175.0
2004,96000,3,1,1,4,19.7,796.0,46.3,5.0,105000,92806.67,12193.33
2011,70000,3,1,1,0,17.6,1496.0,88.7,5.0,345000,283425.0,61575.0
2019,25000,1,1,1,0,17.0,1956.0,138.1,5.0,1630000,1614010.0,15990.0
2009,90000,3,1,1,2,19.0,998.0,66.1,5.0,130000,162997.63,-32997.63
2006,150000,1,1,1,4,18.7,1896.0,66.0,5.0,280000,168609.75,111390.25
2017,150000,1,1,1,0,17.6,2179.0,153.86,7.0,1200000,1212765.0,-12765.0
2014,140000,1,1,1,0,25.1,1498.0,98.6,5.0,650000,574525.0,75475.0
2010,96443,1,1,1,2,11.57,2179.0,138.1,7.0,535000,270199.97,264800.03
2015,70670,3,2,0,0,16.5,1499.0,110.0,5.0,625000,654600.0,-29600.0
2016,71000,1,1,1,0,18.49,1493.0,100.0,7.0,750000,610128.31,139871.69
2017,120000,1,1,1,0,16.5,1493.0,70.0,7.0,650000,636431.67,13568.33
2014,101504,1,0,1,0,22.7,1498.0,89.84,5.0,750000,571379.94,178620.06
2017,56290,1,0,1,0,24.0,1186.0,73.97,5.0,450000,565757.47,-115757.47
2016,54000,3,0,1,0,18.7,1199.0,88.7,5.0,625000,568102.91,56897.09
2014,50000,1,1,1,0,15.1,2179.0,140.0,7.0,750000,908949.99,-158949.99
2015,70000,1,1,1,0,20.77,1248.0,88.76,7.0,580000,623505.0,-43505.0
2015,70000,1,1,1,0,13.58,2499.0,72.4,9.0,425000,585197.81,-160197.81
2014,90000,1,1,1,0,25.2,1248.0,74.0,5.0,400000,495375.0,-95375.0
2012,100000,3,1,1,2,21.1,814.0,55.2,5.0,180000,188736.67,-8736.67
2013,100000,1,1,1,4,20.45,1461.0,83.8,5.0,325000,483354.95,-158354.95
2018,44000,1,1,0,0,17.01,1582.0,126.2,5.0,1150000,1182945.0,-32945.0
2010,70000,2,1,1,4,13.45,1086.0,62.1,5.0,150000,169090.0,-19090.0
2017,50000,3,1,1,2,21.1,814.0,55.2,5.0,280000,277438.32,2561.68
2011,55130,1,0,1,2,20.0,1399.0,68.0,5.0,250000,214054.76,35945.24
2015,90000,1,1,1,0,12.99,2494.0,100.6,8.0,1250000,1018949.98,231050.02
2006,90000,3,1,1,2,19.44,1248.0,81.83,5.0,75000,163168.21,-88168.21
2011,60000,3,1,1,2,19.81,1086.0,68.05,5.0,270000,209699.94,60300.06
2011,160000,1,1,1,4,20.86,1199.0,75.0,5.0,325000,267369.96,57630.04
2015,100000,1,1,1,0,26.59,1248.0,74.0,5.0,600000,482771.11,117228.89
2017,35000,3,1,1,0,15.37,1196.0,73.0,7.0,350000,387489.86,-37489.86
2011,70000,1,1,1,1,25.44,936.0,57.6,5.0,140000,168529.38,-28529.38
2020,5000,1,1,0,0,13.38,2993.0,265.0,7.0,7200000,5080960.0,2119040.0
2017,50000,1,1,1,0,24.52,1248.0,88.5,7.0,750000,742075.0,7925.0
2018,20000,3,1,1,0,20.51,998.0,67.04,5.0,440000,395583.75,44416.25
2017,43000,1,0,1,0,22.54,1396.0,88.73,5.0,750000,723213.08,26786.92
2015,105000,1,0,1,0,25.83,1498.0,99.0,5.0,365000,434865.0,-69865.0
2014,146000,1,1,1,0,23.59,1364.0,67.06,5.0,415000,426347.94,-11347.94
2013,90000,1,1,0,0,17.2,1968.0,138.1,5.0,600000,733744.99,-133744.99
2013,35000,3,1,1,2,20.36,1197.0,78.9,5.0,280000,306764.94,-26764.94
2009,90000,3,1,1,2,0.0,1086.0,62.0,5.0,120000,128863.74,-8863.74
2011,50000,3,1,1,0,18.6,1197.0,85.8,5.0,275000,249808.75,25191.25
2018,50000,1,1,1,0,28.09,1248.0,88.5,5.0,1000000,900125.0,99875.0
2011,97500,3,1,1,0,19.44,1248.0,0.0,5.0,204999,229832.83,-24833.83
2012,90000,1,1,1,0,19.44,1248.0,81.83,5.0,500000,379403.83,120596.17
2017,40000,1,1,1,0,24.3,1248.0,88.5,5.0,869999,760052.08,109946.92
2014,90000,1,1,1,0,20.54,1598.0,103.6,5.0,575000,514563.31,60436.69
2017,60000,1,1,1,0,28.09,1248.0,88.5,5.0,720000,719899.98,100.02
2014,60000,1,1,1,0,14.0,2523.0,75.0,8.0,550000,622105.0,-72105.0
2017,10000,3,1,0,0,23.95,998.0,67.1,5.0,400000,350839.97,49160.03
2017,52000,3,1,1,0,17.0,1197.0,81.86,5.0,430000,565898.33,-135898.33
2006,120000,3,1,1,4,19.7,796.0,46.3,5.0,110000,104308.83,5691.17
2018,35000,1,1,1,0,13.68,2393.0,147.8,7.0,1938000,1674879.83,263120.17
2017,80000,1,1,1,0,16.5,1493.0,70.0,7.0,660000,691910.69,-31910.69
2010,120000,1,1,1,2,13.6,2523.0,63.0,7.0,421000,337825.0,83175.0
2014,70000,1,1,1,0,25.2,1248.0,74.0,5.0,360000,470732.46,-110732.46
2005,120000,3,1,1,1,15.3,1341.0,83.0,5.0,95000,116115.0,-21115.0
2015,30000,3,1,1,0,23.95,998.0,67.05,5.0,320000,311938.19,8061.81
2015,70000,1,1,1,0,15.4,2179.0,120.0,7.0,1125000,901239.58,223760.42
2015,60000,3,1,1,0,22.74,796.0,47.3,5.0,236000,277860.83,-41860.83
2011,90000,1,1,1,4,16.2,1493.0,110.0,5.0,260000,326787.5,-66787.5
2015,50000,1,1,1,0,19.67,1582.0,126.2,5.0,1000000,983580.0,16420.0
2016,22522,1,0,1,0,16.0,2179.0,140.0,7.0,1025000,1254804.97,-229804.97
2015,15000,3,1,1,0,25.4,624.0,37.5,4.0,110000,176678.33,-66678.33
2016,38000,3,1,1,0,18.6,1197.0,81.83,5.0,540000,550697.06,-10697.06
2017,34000,1,1,1,2,28.4,1248.0,74.02,5.0,625000,686118.33,-61118.33
2019,6000,3,1,1,0,19.0,1194.0,94.68,5.0,700000,679972.0,20028.0
2012,120000,3,1,0,0,17.4,1197.0,85.8,5.0,420000,326687.5,93312.5
2010,170000,3,1,1,4,15.37,1196.0,73.0,5.0,150000,162067.44,-12067.44
2016,60000,1,1,1,2,25.44,936.0,56.3,5.0,215000,335447.08,-120447.08
2016,60000,3,1,1,0,20.3,998.0,68.05,5.0,276000,307258.27,-31258.27
2010,25000,3,1,0,0,16.8,1497.0,118.0,5.0,800000,371589.95,428410.05
2018,40000,3,1,1,0,20.62,1198.0,67.0,7.0,475000,417452.38,57547.62
2011,80000,3,1,1,0,17.0,1197.0,80.0,5.0,315000,281435.0,33565.0
2017,45000,3,1,1,0,23.95,998.0,67.1,5.0,340000,362305.83,-22305.83
2014,50000,3,1,1,0,20.4,1197.0,81.8,5.0,400000,373743.33,26256.67
2018,70000,1,1,1,0,22.0,1582.0,126.2,5.0,950000,1050549.98,-100549.98
2012,70000,1,1,1,2,20.0,1399.0,68.0,5.0,300000,243832.42,56167.58
2012,35000,3,1,1,0,17.5,1197.0,85.8,5.0,350000,379005.0,-29005.0
2016,100000,3,1,1,0,21.1,814.0,55.2,5.0,220000,262344.33,-42344.33
2011,90000,3,1,1,2,18.9,998.0,67.1,5.0,210000,219934.92,-9934.92
2009,80000,1,1,1,2,11.5,1991.0,147.9,7.0,260000,351234.97,-91234.97
2017,47000,1,1,1,2,26.0,1498.0,98.6,5.0,650000,585439.99,64560.01
2013,90000,1,1,1,2,20.0,1399.0,68.1,5.0,310000,247054.15,62945.85
2013,184000,1,1,1,0,20.77,1248.0,88.76,7.0,600000,527604.84,72395.16
2013,60000,3,1,1,2,22.74,796.0,47.3,5.0,170000,192775.0,-22775.0
2018,60000,1,1,1,0,27.39,1248.0,74.0,5.0,600000,692840.67,-92840.67
2013,110000,1,1,1,2,12.99,2494.0,100.6,8.0,800000,826249.74,-26249.74
2014,60000,3,1,1,2,20.51,998.0,67.04,5.0,300000,304931.64,-4931.64
2012,28000,3,0,1,0,19.81,1086.0,68.05,5.0,290000,275130.0,14870.0
2008,120000,1,1,1,4,16.8,1405.0,68.0,5.0,175000,130431.76,44568.24
2015,125000,1,1,1,0,12.99,2494.0,100.6,7.0,900000,1152625.0,-252625.0
2005,15000,1,1,1,2,19.44,1248.0,81.83,5.0,350000,278136.67,71863.33
2018,50000,1,1,1,0,25.8,1498.0,98.6,5.0,560000,659555.0,-99555.0
2011,80000,1,1,1,4,15.1,2179.0,140.0,7.0,590000,556790.0,33210.0
2011,185000,1,1,1,2,21.43,1364.0,87.2,5.0,365000,337234.92,27765.08
2016,65100,1,1,1,2,18.49,1493.0,100.0,7.0,730000,582342.48,147657.52
2014,38000,1,1,1,0,22.1,1248.0,74.0,5.0,260000,420467.92,-160467.92
2019,14000,3,1,1,0,20.3,1199.0,84.0,5.0,520000,552960.0,-32960.0
2008,120000,1,1,1,0,17.8,1248.0,75.0,5.0,175000,300680.83,-125680.83
2015,91000,1,0,0,2,12.55,2982.0,168.5,7.0,1650000,1873610.0,-223610.0
2004,60000,3,1,1,2,19.7,796.0,46.3,5.0,118000,88150.0,29850.0
2011,60000,3,1,1,2,20.36,1197.0,78.9,5.0,235000,234358.33,641.67
2017,15000,3,1,0,0,21.21,1197.0,81.8,5.0,700000,651197.48,48802.52
2011,80000,1,1,1,0,17.2,1396.0,53.5,5.0,100000,165041.61,-65041.61
2008,110000,1,1,1,2,17.5,1896.0,106.0,5.0,229999,230584.99,-585.99
2018,10000,3,1,1,0,23.95,998.0,67.05,5.0,390000,412635.0,-22635.0
2010,70000,3,1,1,2,20.36,1197.0,78.9,5.0,200000,181444.5,18555.5
2017,70000,3,1,1,0,17.3,1497.0,117.3,7.0,600000,759731.14,-159731.14
2008,195000,3,1,1,2,19.7,796.0,46.3,5.0,100000,125528.17,-25528.17
2018,22000,1,1,1,0,21.03,1461.0,65.0,5.0,750000,588879.98,161120.02
2019,45000,3,1,0,0,22.0,1197.0,81.8,5.0,700000,561777.44,138222.56
2009,75000,3,1,1,2,15.0,1368.0,90.0,5.0,150000,163363.33,-13363.33
2011,64481,1,0,1,2,20.5,1598.0,103.5,5.0,411000,362090.0,48910.0
2014,120000,1,1,1,0,22.3,1248.0,74.0,5.0,225000,430464.96,-205464.96
2016,70000,3,1,1,2,16.8,796.0,34.2,8.0,190000,204451.67,-14451.67
2012,120000,3,1,1,0,18.6,1199.0,79.4,5.0,145000,175084.99,-30084.99
2013,30000,3,1,1,0,18.5,1197.0,82.85,5.0,360000,367748.32,-7748.32
2011,89000,1,1,1,0,23.0,1396.0,90.0,5.0,470000,328342.29,141657.71
2016,40000,3,1,1,0,20.4,1197.0,81.8,5.0,500000,494315.82,5684.18
2014,80000,1,1,0,2,12.55,2982.0,168.7,7.0,1400000,1811580.0,-411580.0
2011,50000,3,1,1,0,15.5,1799.0,132.0,5.0,350000,432170.0,-82170.0
2015,170000,1,1,1,0,15.4,2179.0,120.0,7.0,885000,872529.16,12470.84
2013,70000,1,1,1,0,15.96,2523.0,62.1,7.0,451000,505185.0,-54185.0
2013,44500,1,1,1,2,20.46,1461.0,83.8,5.0,400000,613984.95,-213984.95
2016,110000,3,1,1,0,18.15,1198.0,82.0,6.0,426000,345785.0,80215.0
2012,12000,3,1,1,0,16.84,1193.0,64.4,5.0,75000,243151.67,-168151.67
2014,100000,1,1,1,2,26.0,1498.0,98.6,5.0,560000,569750.0,-9750.0
2006,35000,3,1,1,0,19.44,1248.0,81.83,5.0,80000,141455.0,-61455.0
2018,25000,3,1,1,0,21.1,814.0,55.2,5.0,350000,364825.0,-14825.0
2015,20000,1,1,1,0,12.55,2982.0,168.5,7.0,2000000,1769926.67,230073.33
2017,15000,1,1,1,0,25.83,1498.0,99.0,5.0,550000,703341.66,-153341.66
2020,50000,1,1,1,0,16.36,2179.0,140.0,7.0,1500000,1589760.0,-89760.0
2012,50000,1,1,1,2,22.9,1248.0,74.0,5.0,330000,471870.0,-141870.0
2015,108000,1,1,1,0,19.67,1582.0,126.2,5.0,850000,889553.33,-39553.33
2017,20000,3,1,1,0,21.21,1197.0,81.8,5.0,550000,566603.82,-16603.82
2013,58000,1,1,1,0,23.4,1248.0,74.0,5.0,520000,476405.0,43595.0
2016,50000,1,1,1,0,24.52,1248.0,88.5,7.0,940000,781815.83,158184.17
2012,60000,1,1,1,0,22.3,1248.0,74.0,5.0,175000,185570.0,-10570.0
2013,90000,1,1,1,0,20.3,1248.0,92.0,5.0,400000,296784.98,103215.02
2007,110000,1,1,1,4,16.8,1405.0,62.0,5.0,80000,94263.54,-14263.54
2014,50000,3,1,1,0,22.74,796.0,47.3,5.0,235000,240243.33,-5243.33
2014,72000,3,0,1,0,18.6,1197.0,81.83,5.0,415000,487948.3,-72948.3
2013,82246,3,0,1,0,20.36,1197.0,78.9,5.0,295000,298666.66,-3666.66
2016,45000,1,1,1,0,24.3,1248.0,88.5,5.0,950000,834908.39,115091.61
2016,30000,3,1,1,2,18.9,1197.0,82.0,5.0,370000,422545.0,-52545.0
2019,72000,1,1,1,0,25.5,1498.0,98.6,5.0,1000000,952299.96,47700.04
2013,120000,1,1,1,0,21.64,1461.0,84.8,5.0,434999,353258.32,81740.68
2009,35000,3,1,1,4,19.81,1086.0,68.05,5.0,160000,171384.73,-11384.73
2018,29000,3,0,0,0,17.4,1197.0,81.86,5.0,890000,713975.0,176025.0
2012,65000,3,1,1,0,20.36,1197.0,78.9,5.0,280000,270525.0,9475.0
2011,70000,2,1,1,0,26.2,998.0,58.2,5.0,200000,222547.46,-22547.46
2005,120000,1,1,1,0,12.8,2494.0,102.0,8.0,245000,450674.96,-205674.96
2011,85000,1,1,1,2,21.1,1248.0,73.9,5.0,204999,279091.25,-74092.25
2016,35000,3,1,1,0,16.2,1199.0,74.0,5.0,560000,402831.67,157168.33
2017,44600,1,0,1,0,24.52,1248.0,88.5,7.0,849000,791255.0,57745.0
2010,255000,1,1,1,2,13.0,2489.0,95.0,8.0,160000,268121.63,-108121.63
2016,110000,1,1,1,0,24.4,1120.0,71.0,5.0,400000,468732.78,-68732.78
2012,188000,1,1,1,2,14.0,2179.0,120.0,8.0,250000,437244.99,-187244.99
2017,90000,1,1,1,0,19.67,1582.0,126.2,5.0,1250000,1069335.0,180665.0
2012,180000,1,1,1,4,15.96,2523.0,62.1,9.0,550000,365960.0,184040.0
2016,110000,1,1,1,2,24.3,1248.0,88.5,5.0,700000,673147.49,26852.51
2015,110000,3,1,1,0,20.51,998.0,67.04,5.0,300000,297008.33,2991.67
2018,100000,3,1,1,0,23.84,1199.0,84.0,5.0,325000,427179.95,-102179.95
2018,120000,1,1,1,2,17.0,2650.0,80.84,7.0,850000,772471.67,77528.33
2013,64788,1,0,0,0,0.0,2179.0,115.0,5.0,1650000,536988.09,1113011.91
2019,5000,3,1,0,0,16.0,1368.0,160.77,5.0,2100000,2192499.98,-92499.98
2012,96000,1,0,0,2,19.62,1998.0,190.0,5.0,925000,1205025.0,-280025.0
2018,10800,3,1,1,0,25.17,799.0,53.3,5.0,395000,345031.25,49968.75
2002,120000,3,1,1,0,16.1,796.0,37.0,4.0,120000,44365.93,75634.07
2017,30000,1,1,1,0,25.32,1198.0,77.0,6.0,400000,557454.17,-157454.17
2019,4701,3,2,1,0,20.7,1197.0,81.86,5.0,550000,580727.06,-30727.06
2013,38000,1,1,1,0,22.07,1199.0,73.9,5.0,550000,342116.15,207883.85
2014,35000,3,1,1,0,18.2,1199.0,82.4,5.0,310000,340014.98,-30014.98
2015,90000,3,1,1,0,16.02,1373.0,93.7,7.0,600000,570030.0,29970.0
2019,35700,1,0,1,0,28.4,1248.0,74.02,5.0,800000,694034.17,105965.83
2015,96500,1,1,1,0,20.5,1248.0,91.72,5.0,425000,484995.0,-59995.0
2009,50000,3,1,1,2,16.0,995.0,63.0,5.0,90000,128806.71,-38806.71
2017,35000,1,1,1,0,24.3,1248.0,88.5,5.0,830000,791177.5,38822.5
2013,85000,1,1,1,0,16.55,2498.0,105.0,7.0,770000,429867.46,340132.54
2012,110000,3,1,1,0,16.95,1498.0,97.7,5.0,350000,307564.97,42435.03
2018,15000,3,1,0,0,17.36,1197.0,81.86,5.0,575000,733175.0,-158175.0
2018,15000,3,1,1,0,24.7,796.0,47.3,5.0,320000,308748.33,11251.67
2015,45900,3,1,1,2,18.6,1197.0,81.83,5.0,490000,483856.1,6143.9
2018,30000,3,1,1,0,23.01,999.0,67.0,5.0,350000,354149.85,-4149.85
2019,38000,1,1,0,0,28.4,1248.0,74.0,5.0,740000,729565.0,10435.0
2012,80000,1,1,1,0,16.1,1405.0,70.0,5.0,185000,231043.55,-46043.55
2013,35582,3,0,1,0,18.5,1197.0,82.85,5.0,455999,370280.76,85718.24
2008,10000,3,1,1,2,16.1,796.0,37.0,4.0,65000,68594.16,-3594.16
2013,60000,3,1,1,1,22.74,796.0,47.3,5.0,170000,235750.0,-65750.0
2019,30000,1,1,1,0,23.0,1498.0,98.96,5.0,975000,911624.96,63375.04
2015,100581,1,0,1,0,25.83,1498.0,99.0,5.0,415000,451709.98,-36709.98
2017,60000,3,1,1,0,18.9,1197.0,81.86,5.0,480000,507879.84,-27879.84
2014,2350,3,1,1,0,21.1,814.0,55.2,5.0,250000,238584.96,11415.04
2012,55735,1,1,1,2,19.01,1461.0,108.45,5.0,480000,438353.24,41646.76
2006,192000,1,1,1,1,12.8,2494.0,102.0,8.0,450000,362234.96,87765.04
2015,50000,3,1,0,0,19.0,1199.0,88.7,5.0,575000,596860.0,-21860.0
2013,140000,1,1,1,0,21.02,1248.0,88.76,5.0,316000,285070.0,30930.0
2014,70000,3,1,1,0,17.1,1591.0,121.3,5.0,500000,707800.0,-207800.0
2018,35000,3,1,1,0,20.3,1199.0,84.0,5.0,450000,510724.86,-60724.86
2016,80000,1,1,1,2,26.59,1248.0,74.0,5.0,600000,650310.0,-50310.0
2017,21500,3,1,0,0,19.34,1198.0,76.0,5.0,560000,510704.58,49295.42
2013,250000,1,1,1,0,20.46,1461.0,83.8,5.0,475000,484724.64,-9724.64
2016,66000,1,0,1,0,20.77,1248.0,88.8,7.0,725000,569363.33,155636.67
2015,22700,3,1,1,0,18.7,1199.0,88.7,5.0,700000,580406.67,119593.33
2018,44772,1,0,1,2,23.0,1498.0,98.96,5.0,900000,902180.82,-2180.82
2009,77000,3,0,1,2,21.79,998.0,67.05,5.0,185000,191330.4,-6330.4
2015,29000,3,1,1,0,23.1,998.0,67.04,5.0,350000,346670.82,3329.18
2005,120000,1,1,1,4,16.4,1896.0,90.0,5.0,250000,137546.72,112453.28
2011,80000,1,1,1,0,22.32,1582.0,126.32,5.0,300000,475040.0,-175040.0
2014,30000,3,1,1,0,19.69,1198.0,67.04,5.0,390000,289182.48,100817.52
2017,35000,1,1,1,0,20.65,1248.0,88.7,5.0,484999,661990.0,-176991.0
2004,57000,3,1,1,2,16.1,796.0,37.0,4.0,40000,57117.97,-17117.97
2015,34000,3,1,1,0,20.51,998.0,67.04,5.0,360000,368141.55,-8141.55
2014,35000,3,1,1,0,21.1,814.0,55.2,5.0,225000,248714.06,-23714.06
2011,62000,3,1,1,4,16.36,1495.0,93.7,5.0,170000,242675.0,-72675.0
2016,67000,1,1,1,0,15.4,1997.0,120.0,7.0,745000,863857.5,-118857.5
2014,142500,1,1,1,0,19.5,1248.0,75.0,5.0,325000,317704.99,7295.01
2014,42000,3,1,0,0,11.9,1595.0,120.7,5.0,1250000,784099.94,465900.06
2017,33000,3,0,0,2,14.7,1798.0,177.5,5.0,1600000,1944514.65,-344514.65
2016,40000,3,0,1,0,20.63,1198.0,67.0,5.0,335000,247209.98,87790.02
2016,100000,1,1,1,0,21.38,1396.0,88.7,5.0,725000,796446.89,-71446.89
2011,120000,1,1,1,4,20.54,1598.0,103.6,5.0,260000,299187.5,-39187.5
2014,120000,1,1,1,0,15.1,2179.0,140.0,7.0,850000,739890.98,110109.02
2017,63309,1,0,1,0,19.67,1582.0,126.2,5.0,1150000,1006660.0,143340.0
2017,70000,1,1,1,2,24.4,1120.0,71.0,5.0,550000,457635.37,92364.63
2010,180000,1,1,1,0,19.3,1248.0,73.9,5.0,315000,267788.7,47211.3
2015,60000,0,1,1,2,23.7,1193.0,55.23,5.0,155000,369123.87,-214123.87
2016,50000,1,1,1,0,24.52,1248.0,88.5,7.0,900000,781815.83,118184.17
2015,78000,1,0,1,0,19.44,1248.0,81.83,5.0,475000,485551.58,-10551.58
2014,25000,3,1,1,0,22.74,796.0,47.3,5.0,250000,239770.33,10229.67
2016,73000,1,1,1,0,15.4,2523.0,75.0,7.0,670000,660164.95,9835.05
2018,30000,3,1,1,0,24.7,796.0,47.3,5.0,300000,308053.72,-8053.72
2013,69000,1,1,1,4,22.32,1582.0,126.32,5.0,420000,499476.99,-79476.99
2012,72000,3,1,1,2,17.5,1197.0,85.8,5.0,350000,299480.0,50520.0
2012,120000,3,1,1,2,19.44,1248.0,81.83,5.0,200000,264685.0,-64685.0
2008,120000,1,1,1,1,11.57,2179.0,138.1,7.0,150000,283244.99,-133244.99
2016,100000,1,1,1,2,24.3,1248.0,88.5,5.0,765000,755649.98,9350.02
2014,46100,3,0,1,0,16.02,1373.0,93.7,7.0,599000,580419.99,18580.01
2019,10000,3,0,1,0,17.0,1198.0,73.75,5.0,640000,590959.07,49040.93
2011,110000,1,1,1,2,12.05,2179.0,120.0,8.0,400000,482515.0,-82515.0
2016,14000,3,1,1,2,18.15,1198.0,82.0,6.0,400000,435338.32,-35338.32
2018,30000,1,1,1,0,21.19,1396.0,88.76,5.0,800000,763855.0,36145.0
2009,125000,3,1,1,2,13.5,1799.0,130.0,5.0,220000,295294.94,-75294.94
2016,39000,1,0,1,0,19.67,1582.0,126.2,5.0,819999,986902.5,-166903.5
2012,100000,1,1,1,2,21.8,1461.0,78.0,5.0,570000,409357.49,160642.51
2015,50000,3,1,1,0,21.4,1197.0,83.1,5.0,650000,535201.23,114798.77
2017,70000,1,1,1,0,15.96,2523.0,62.1,7.0,710000,701410.0,8590.0
2009,105000,3,1,0,2,12.9,1799.0,130.0,5.0,250000,321159.96,-71159.96
2013,60000,1,0,1,2,24.7,1498.0,98.63,5.0,325000,455454.87,-130454.87
2015,40000,3,1,1,0,18.9,1197.0,82.0,5.0,500000,440319.13,59680.87
2013,30000,1,1,1,0,19.09,1396.0,69.0,5.0,250000,250484.98,-484.98
2016,70000,3,1,1,0,20.51,998.0,67.04,5.0,350000,352761.66,-2761.66
2015,60000,1,1,1,0,26.21,1248.0,88.5,5.0,700000,592716.65,107283.35
2015,26000,3,1,1,0,20.73,1373.0,91.1,5.0,650000,587570.0,62430.0
2015,145000,1,1,1,0,22.7,1582.0,126.2,5.0,900000,663162.49,236837.51
2011,70000,3,1,1,0,20.92,998.0,67.1,5.0,180000,208349.14,-28349.14
2012,200000,1,1,1,0,22.07,1199.0,73.9,5.0,240000,281011.96,-41011.96
2012,70000,1,1,1,2,21.03,1461.0,65.0,5.0,260000,255314.53,4685.47
2014,100000,1,1,1,2,25.8,1498.0,98.6,5.0,420000,514904.98,-94904.98
2016,27500,3,1,1,0,25.17,799.0,53.3,5.0,310000,297066.37,12933.63
2012,70000,1,1,1,0,22.32,1582.0,126.32,5.0,459999,480165.0,-20166.0
2008,55000,3,1,1,2,13.9,1599.0,103.2,5.0,114999,261305.0,-146306.0
2006,80000,3,1,1,2,19.44,1248.0,81.83,5.0,70000,147166.55,-77166.55
2011,110000,1,1,1,0,20.54,1598.0,103.6,5.0,240000,333572.49,-93572.49
2016,12000,1,0,0,0,18.12,1995.0,190.0,5.0,2900000,2647463.33,252536.67
2012,90000,1,1,1,4,11.57,2179.0,138.1,7.0,200000,417868.93,-217868.93
2017,25000,3,1,1,0,24.7,796.0,47.3,5.0,316000,280380.42,35619.58
2009,35000,3,1,1,0,19.81,1086.0,68.05,5.0,160000,202299.68,-42299.68
2017,25000,3,1,1,0,22.0,1197.0,81.8,5.0,625000,571039.85,53960.15
2016,103000,1,1,1,0,16.5,1493.0,70.0,7.0,700000,605494.95,94505.05
2018,10000,3,1,0,2,18.9,1197.0,81.86,5.0,650000,568927.48,81072.52
2014,74321,1,0,1,0,25.44,936.0,56.3,5.0,190000,212306.62,-22306.62
2013,69000,1,0,1,0,18.6,1388.0,67.0,5.0,325000,332154.95,-7154.95
2007,80000,3,1,1,4,19.7,796.0,46.3,5.0,150000,118741.62,31258.38
2015,80000,1,1,1,0,26.59,1248.0,74.0,5.0,459999,525815.28,-65816.28
2017,10000,3,1,1,0,23.1,998.0,67.04,5.0,430000,454809.63,-24809.63
2015,120000,1,1,1,2,24.5,1498.0,98.6,7.0,550000,635700.83,-85700.83
2016,90000,1,1,1,0,28.09,1248.0,88.5,5.0,620000,767699.98,-147699.98
2014,80000,3,1,1,0,13.7,1399.0,98.82,7.0,312000,450199.15,-138199.15
2017,60000,1,1,1,0,24.0,1186.0,73.97,5.0,550000,523826.64,26173.36
2011,18500,3,1,1,0,18.5,1197.0,85.8,5.0,229999,274675.0,-44676.0
2005,130000,3,1,1,0,13.0,1343.0,90.0,5.0,55000,131622.5,-76622.5
2019,90000,3,1,1,0,23.01,999.0,67.0,5.0,220000,342419.98,-122419.98
2018,35000,1,1,1,0,23.0,1498.0,98.96,5.0,950000,922466.67,27533.33
2010,80000,3,1,1,1,19.7,796.0,46.3,5.0,125000,176680.0,-51680.0
2007,70000,3,1,1,4,18.2,1061.0,64.0,5.0,150000,119333.33,30666.67
2012,120000,1,1,1,0,11.68,2498.0,112.0,7.0,320000,512346.67,-192346.67
2017,40000,3,1,1,0,24.7,796.0,47.3,5.0,254000,269537.92,-15537.92
2016,15000,3,0,1,0,18.7,1199.0,88.7,5.0,526000,557385.0,-31385.0
2013,90000,1,1,1,0,22.9,1248.0,74.0,5.0,409999,359849.89,50149.11
2016,70000,3,1,1,2,17.57,1193.0,88.7,5.0,350000,423599.16,-73599.16
2009,82000,3,1,1,2,14.53,1798.0,138.0,5.0,340000,320180.0,19820.0
2016,56494,3,2,1,0,18.2,1199.0,88.7,5.0,550000,525855.0,24145.0
2011,153000,1,1,1,0,22.32,1582.0,126.32,5.0,390000,428535.0,-38535.0
2015,30000,1,1,1,0,26.0,1498.0,98.6,5.0,625000,631844.97,-6844.97
2012,73000,1,1,1,0,20.77,1248.0,88.76,7.0,520000,516253.11,3746.89
2006,80000,3,1,1,0,16.1,796.0,37.0,4.0,81000,66746.06,14253.94
2011,90000,1,1,1,0,20.54,1598.0,103.6,5.0,225000,334072.49,-109072.49
2012,90000,1,1,1,2,15.42,1405.0,70.0,7.0,175000,248019.94,-73019.94
2013,80000,1,1,1,0,22.07,1199.0,73.9,5.0,360000,331234.15,28765.85
2013,15000,3,1,1,0,0.0,1086.0,62.1,5.0,184000,235249.16,-51249.16
2014,90000,3,1,1,2,23.95,998.0,67.05,5.0,240000,228161.01,11838.99
2013,90000,1,1,1,2,12.05,2179.0,120.0,8.0,490000,539902.98,-49902.98
2012,107500,1,1,1,2,19.44,1248.0,81.83,5.0,400000,277392.3,122607.7
2014,200000,1,1,1,0,25.1,1498.0,98.6,5.0,819999,555399.86,264599.14
2015,45000,3,1,0,0,15.5,1198.0,86.7,5.0,415000,441159.16,-26159.16
1997,186388,3,1,1,2,14.8,1298.0,80.0,8.0,300000,166914.82,133085.18
2015,60000,1,0,1,0,25.47,1248.0,88.5,7.0,575000,639837.38,-64837.38
2007,104000,1,1,1,2,17.2,1396.0,53.5,5.0,59259,74290.0,-15031.0
2017,110000,1,1,1,0,24.7,1047.0,69.0,5.0,420000,455468.29,-35468.29
2017,25000,3,1,1,4,18.16,1196.0,86.8,5.0,600000,535595.0,64405.0
2019,24000,1,1,1,0,28.4,1248.0,74.02,5.0,802999,716646.05,86352.95
2011,50000,3,1,1,4,20.92,998.0,67.1,5.0,140000,218637.35,-78637.35
2017,30000,3,1,1,0,23.01,999.0,67.0,5.0,300000,340845.0,-40845.0
2009,30000,3,1,1,0,18.0,995.0,62.0,5.0,145000,116606.37,28393.63
2019,10000,3,1,1,0,18.78,999.0,75.0,5.0,585000,599925.0,-14925.0
2011,100000,1,1,1,4,20.3,1248.0,75.0,5.0,254999,237829.99,17169.01
2014,70000,1,1,1,0,23.2,1248.0,73.94,5.0,425000,407829.98,17170.02
2018,55000,3,1,0,0,14.8,1591.0,121.3,5.0,1380000,1189505.0,190495.0
2011,80000,1,1,1,0,22.32,1582.0,126.32,5.0,475000,475040.0,-40.0
2011,100000,3,1,1,2,18.0,995.0,62.0,5.0,114999,141250.0,-26251.0
2011,90000,3,1,1,0,20.92,998.0,67.1,5.0,165000,203952.08,-38952.08
2017,10000,3,1,1,0,18.9,1197.0,81.86,5.0,525000,565224.16,-40224.16
2012,138000,1,1,1,0,22.32,1582.0,126.32,5.0,400000,427107.5,-27107.5
2015,10000,3,1,1,0,25.17,799.0,53.3,5.0,300000,243940.0,56060.0
2011,58000,3,1,1,4,16.1,1298.0,88.2,5.0,325000,280682.5,44317.5
2014,120000,1,1,1,2,23.4,1248.0,74.0,5.0,500000,444425.96,55574.04
2014,80000,1,1,1,2,25.1,1498.0,98.6,5.0,750000,581484.94,168515.06
2003,58000,3,1,1,0,16.1,796.0,37.0,4.0,45000,48601.87,-3601.87
2018,35000,1,1,1,2,25.47,1248.0,88.5,7.0,875000,907900.0,-32900.0
2015,60000,1,1,1,0,15.96,2523.0,62.1,7.0,515000,568412.49,-53412.49
2011,65000,3,1,0,4,12.6,1586.0,103.3,5.0,220000,421330.0,-201330.0
2015,80000,3,1,1,0,19.49,1198.0,67.04,5.0,300000,269774.91,30225.09
2014,80000,1,1,1,2,15.1,2179.0,140.0,7.0,750000,660408.33,89591.67
2004,113000,3,1,1,2,19.7,796.0,46.3,5.0,60000,90106.67,-30106.67
2016,40000,3,1,1,0,20.85,1197.0,83.14,5.0,500000,572581.62,-72581.62
2005,100000,3,1,1,0,19.44,1248.0,81.83,5.0,85000,109619.17,-24619.17
2011,150000,1,1,0,2,11.79,2179.0,120.0,8.0,500000,450619.93,49380.07
2016,60000,3,0,1,0,21.79,998.0,67.05,5.0,355000,350941.66,4058.34
2015,42000,3,0,1,0,16.47,1198.0,74.0,5.0,455000,421322.5,33677.5
2016,110000,1,1,1,2,18.2,1248.0,73.74,7.0,280000,416194.96,-136194.96
2018,25000,1,1,1,0,21.38,1396.0,88.7,5.0,1210000,918393.3,291606.7
2012,100000,1,1,1,2,22.32,1582.0,126.32,5.0,425000,420627.26,4372.74
2018,20000,3,1,1,0,23.01,999.0,67.0,5.0,320000,331759.29,-11759.29
2014,217000,1,1,1,2,12.99,2494.0,100.6,7.0,869999,894824.87,-24825.87
2014,50700,1,1,1,0,19.09,1405.0,69.01,5.0,300000,292985.0,7015.0
2002,120000,3,1,1,1,13.2,1495.0,94.0,5.0,55000,104924.83,-49924.83
2010,60000,3,1,1,2,14.53,1798.0,138.0,5.0,350000,331149.96,18850.04
2012,195000,1,1,1,2,21.12,1248.0,88.8,5.0,140000,272894.97,-132894.97
2003,74770,0,1,1,4,19.44,1248.0,81.83,5.0,130000,100525.83,29474.17
2015,70000,1,1,1,0,19.1,1405.0,70.0,5.0,285000,311494.96,-26494.96
2019,10000,3,1,1,0,22.5,999.0,67.0,5.0,390000,348250.0,41750.0
2005,80000,3,1,1,2,18.9,998.0,67.1,5.0,150000,95164.0,54836.0
2013,40000,3,1,1,0,18.5,1197.0,82.85,5.0,290000,388397.6,-98397.6
2011,100000,1,1,1,2,20.0,1399.0,68.0,5.0,204999,209082.49,-4083.49
2016,40000,1,1,0,2,17.9,2143.0,136.0,5.0,1850000,1835465.0,14535.0
2013,68697,3,1,1,4,21.1,814.0,55.2,5.0,200000,179315.0,20685.0
2014,20000,3,1,1,0,22.74,796.0,47.3,5.0,250000,236789.52,13210.48
2015,80000,1,1,1,2,25.01,1498.0,89.75,5.0,501000,633263.67,-132263.67
2015,15200,3,1,1,0,25.17,799.0,53.3,5.0,290000,258056.65,31943.35
2017,55000,1,1,0,0,19.61,1461.0,108.5,5.0,850000,844406.22,5593.78
2017,89000,1,1,1,0,27.28,1047.0,69.0,5.0,450000,429987.06,20012.94
2018,48000,1,1,1,0,25.4,1186.0,73.97,5.0,450000,554620.78,-104620.78
2017,100000,1,1,1,0,24.52,1248.0,88.5,7.0,750000,808934.17,-58934.17
2015,110000,1,1,1,0,14.95,2489.0,93.7,7.0,400000,534974.98,-134974.98
2015,60000,1,1,1,0,26.59,1248.0,74.0,5.0,610000,596763.1,13236.9
1998,70000,3,1,1,0,14.0,796.0,35.0,5.0,80000,60855.0,19145.0
2018,10000,3,1,1,0,20.89,1197.0,81.8,5.0,575000,543203.64,31796.36
2006,110000,1,1,1,1,17.88,1396.0,52.8,5.0,67500,92366.67,-24866.67
2009,90000,3,1,0,2,12.6,1586.0,103.3,5.0,200000,318914.96,-118914.96
2014,110000,1,1,1,0,25.8,1498.0,98.6,5.0,530000,473324.98,56675.02
2018,30000,1,1,1,0,17.6,2179.0,153.86,7.0,1575000,1328270.0,246730.0
2011,181000,1,1,1,2,11.5,2982.0,171.0,7.0,1150000,900000.0,250000.0
2011,40000,3,1,1,0,19.7,796.0,46.3,5.0,155000,201035.0,-46035.0
2014,80000,1,1,1,0,14.74,2199.0,194.3,7.0,1100000,1446069.98,-346069.98
2013,118000,1,1,1,0,24.0,1120.0,70.0,5.0,270000,263649.5,6350.5
2018,18000,1,1,1,0,21.66,1498.0,108.62,5.0,560000,842414.86,-282414.86
2008,110000,1,1,1,4,14.4,2179.0,120.0,7.0,270000,285284.97,-15284.97
2013,53000,1,1,1,2,21.9,1396.0,88.76,5.0,390000,414994.7,-24994.7
2006,70000,3,1,1,0,18.9,998.0,67.1,5.0,250000,108180.5,141819.5
2012,67500,1,1,1,0,12.2,1948.0,68.0,10.0,200000,309207.44,-109207.44
2016,90000,1,1,1,2,15.96,2523.0,62.1,7.0,625000,677155.0,-52155.0
2009,90000,3,1,1,2,18.9,1061.0,67.0,5.0,180000,141117.96,38882.04
2018,60000,0,1,1,0,26.6,998.0,58.16,5.0,400000,443359.8,-43359.8
2016,30000,3,1,1,2,20.51,998.0,67.04,5.0,340000,376401.67,-36401.67
2009,60000,3,1,1,4,18.9,1061.0,67.0,5.0,114999,144722.5,-29723.5
2018,30000,1,1,1,0,28.4,1248.0,74.02,5.0,780000,780397.5,-397.5
2011,90000,1,1,1,0,23.59,1364.0,67.1,5.0,350000,268364.13,81635.87
2019,12584,1,0,1,0,16.55,2498.0,105.0,6.0,975000,923243.0,51757.0
2005,50000,3,1,1,2,15.3,1341.0,83.0,5.0,130000,107600.0,22400.0
2013,50000,3,1,1,2,17.1,1591.0,121.3,5.0,500000,461624.96,38375.04
2011,108000,1,1,1,0,22.32,1582.0,126.3,5.0,450000,454965.0,-4965.0
2013,60000,1,1,1,2,15.1,2179.0,140.0,7.0,540000,736948.33,-196948.33
2011,100000,1,1,1,1,13.5,2179.0,115.0,5.0,360000,410937.5,-50937.5
2010,79000,3,1,1,0,16.8,1497.0,116.3,5.0,285000,364399.94,-79399.94
2010,47000,3,1,1,0,15.3,1596.0,101.0,5.0,250000,286774.99,-36774.99
2020,15000,3,1,1,0,15.37,1196.0,73.0,5.0,415000,407058.99,7941.01
2007,175000,1,1,1,2,18.7,1896.0,66.0,5.0,195000,186081.77,8918.23
2007,150000,1,1,1,2,17.2,1396.0,53.5,5.0,85000,76696.77,8303.23
2012,116000,3,1,1,0,15.0,1598.0,103.5,5.0,385000,335524.98,49475.02
2008,120000,1,1,1,4,17.8,1248.0,75.0,5.0,170000,244430.0,-74430.0
2012,80000,1,1,1,0,17.0,1405.0,70.0,5.0,300000,229143.51,70856.49
2018,56000,3,1,1,0,18.9,1197.0,81.86,5.0,450000,519699.99,-69699.99
2004,46000,3,1,1,1,16.1,796.0,37.0,4.0,75000,49760.94,25239.06
2016,80000,1,1,1,2,19.64,1461.0,108.45,5.0,550000,617457.07,-67457.07
2011,50000,3,1,1,4,17.92,1086.0,62.1,5.0,170000,187995.0,-17995.0
2020,70000,3,1,1,0,23.26,1197.0,88.5,5.0,580000,642093.31,-62093.31
2010,60000,3,1,1,2,17.5,1298.0,85.8,5.0,240000,252870.0,-12870.0
2011,70000,1,1,1,0,19.0,1248.0,90.0,5.0,250000,234894.92,15105.08
2009,110000,1,1,1,2,17.1,1493.0,110.0,5.0,150000,241395.0,-91395.0
2015,35000,3,1,1,2,22.74,796.0,47.3,5.0,180000,239124.8,-59124.8
2015,18000,3,1,1,0,22.74,796.0,47.3,5.0,310000,265155.0,44845.0
2012,30000,3,0,1,0,18.5,1198.0,86.8,5.0,245000,365334.98,-120334.98
2013,120000,1,1,1,2,23.4,1248.0,74.0,5.0,450000,507885.0,-57885.0
2015,45000,1,0,1,0,28.4,1248.0,74.0,5.0,550000,503533.61,46466.39
2016,110000,1,1,1,0,23.2,1248.0,73.94,5.0,475000,407199.5,67800.5
2012,110000,1,0,1,0,23.59,1364.0,67.04,5.0,411000,338656.94,72343.06
2019,60000,1,1,1,0,25.1,1248.0,88.5,5.0,900000,950350.0,-50350.0
2008,120000,1,1,1,0,19.09,1396.0,69.0,5.0,100000,158546.23,-58546.23
2013,150000,3,1,1,2,18.6,1197.0,85.8,5.0,325000,343375.0,-18375.0
2014,60000,1,1,1,0,23.4,1248.0,74.0,5.0,500000,485074.13,14925.87
2005,100000,1,1,1,1,19.44,1248.0,81.83,5.0,60000,136017.5,-76017.5
2012,75000,1,1,1,0,15.96,2523.0,62.1,7.0,600000,471682.5,128317.5
2012,111000,3,1,1,0,19.7,796.0,46.3,5.0,220000,168973.33,51026.67
2019,27000,3,1,1,0,23.95,998.0,67.05,5.0,360000,364388.33,-4388.33
2011,93500,3,0,1,4,17.0,1497.0,118.0,5.0,350000,396025.0,-46025.0
2014,250000,1,1,1,2,19.1,1405.0,70.0,5.0,110000,231014.92,-121014.92
2005,90000,1,1,1,4,16.1,1405.0,70.0,5.0,140000,114000.0,26000.0
2013,133000,1,1,1,0,20.3,1248.0,75.0,5.0,300000,251368.67,48631.33
2013,110000,3,1,1,0,18.5,1197.0,82.85,5.0,320000,351952.08,-31952.08
2020,5000,3,1,1,0,18.6,1197.0,81.86,5.0,720000,650977.5,69022.5
2018,14000,3,1,1,0,20.51,998.0,67.04,5.0,430000,453444.84,-23444.84
2017,35000,1,1,1,0,21.5,1497.0,108.5,5.0,830000,786834.86,43165.14
2015,7967,3,1,1,0,20.85,1197.0,83.14,5.0,600000,509624.84,90375.16
2011,100000,1,1,1,2,23.59,1364.0,67.1,5.0,350000,266500.38,83499.62
2008,40000,3,1,1,0,18.2,1061.0,64.0,5.0,120000,199791.06,-79791.06
2016,58000,3,1,1,2,15.37,1196.0,73.0,7.0,370000,331449.12,38550.88
2015,93000,3,1,1,2,20.85,1197.0,83.14,5.0,540000,467214.82,72785.18
2015,90000,1,1,1,0,20.45,1461.0,83.8,5.0,580000,593896.72,-13896.72
2018,5000,3,1,1,0,22.0,1197.0,81.8,5.0,550000,594164.17,-44164.17
2015,74000,1,1,1,2,24.4,1120.0,71.0,5.0,401000,380044.97,20955.03
2013,60000,1,1,1,2,15.96,2523.0,62.1,7.0,400000,505965.0,-105965.0
2015,70000,1,1,1,0,24.4,1120.0,71.0,5.0,480000,412855.37,67144.63
2015,80000,1,1,1,0,25.2,1248.0,74.0,5.0,600000,481115.2,118884.8
2006,80000,3,1,1,4,18.9,998.0,67.1,5.0,130000,112090.49,17909.51
2014,60000,3,1,1,2,21.1,814.0,55.2,5.0,220000,222394.35,-2394.35
2011,60000,3,1,0,4,16.95,1197.0,78.9,5.0,340000,257795.0,82205.0
2016,90000,1,1,1,2,22.54,1396.0,88.73,5.0,550000,579016.25,-29016.25
2014,300000,1,1,1,2,12.99,2494.0,100.6,7.0,700000,895549.87,-195549.87
2019,15000,3,1,1,0,25.17,799.0,53.3,5.0,350000,368560.0,-18560.0
2016,49000,3,0,1,0,19.02,1198.0,67.05,5.0,275000,342194.98,-67194.98
2014,60000,1,1,1,0,24.0,1120.0,70.0,5.0,300000,407025.83,-107025.83
2011,80000,1,1,1,2,17.0,1405.0,71.0,5.0,70000,203568.0,-133568.0
2011,90000,3,1,1,2,15.64,1193.0,64.08,5.0,90000,175723.33,-85723.33
2016,25000,3,1,1,0,15.29,1591.0,121.3,5.0,800000,883430.08,-83430.08
2018,15000,1,1,1,0,28.4,1248.0,74.02,5.0,725000,752090.0,-27090.0
2018,31800,3,1,1,0,18.6,1197.0,81.86,5.0,650000,692269.17,-42269.17
2018,5000,3,1,1,0,21.79,998.0,67.05,5.0,469000,412999.74,56000.26
2007,60000,3,1,1,2,19.7,796.0,46.3,5.0,128000,106600.0,21400.0
2015,40000,3,1,0,0,17.01,1499.0,110.4,5.0,416000,703550.0,-287550.0
2014,167000,1,1,1,0,25.1,1498.0,98.6,5.0,650000,582695.0,67305.0
2019,25000,3,1,1,0,23.95,998.0,67.05,5.0,360000,362888.33,-2888.33
2009,70000,3,1,1,2,19.7,796.0,46.3,5.0,150000,129977.92,20022.08
2012,99000,3,1,1,2,15.5,1586.0,103.3,5.0,260000,325049.92,-65049.92
2018,30000,3,1,0,0,14.99,1498.0,104.5,5.0,900000,841339.98,58660.02
2018,35000,1,1,1,0,21.5,1497.0,108.5,5.0,700000,849964.91,-149964.91
2017,35000,1,1,1,0,25.32,1198.0,77.0,6.0,500000,481991.66,18008.34
2019,18500,3,1,1,0,20.3,1086.0,68.0,5.0,430000,431724.88,-1724.88
2017,60000,0,1,1,0,26.6,998.0,58.16,5.0,350000,383274.98,-33274.98
2011,70000,1,1,1,2,23.57,1396.0,70.0,5.0,200000,186804.97,13195.03
2017,100000,1,1,1,0,23.65,1248.0,88.5,5.0,600000,773845.0,-173845.0
2013,50000,1,1,1,0,23.5,1396.0,88.7,5.0,550000,456079.92,93920.08
2014,122000,1,1,1,2,15.1,2179.0,140.0,7.0,600000,897533.61,-297533.61
2010,50000,3,0,1,0,20.36,1197.0,78.9,5.0,225000,224229.98,770.02
2010,60000,1,1,1,0,21.43,1364.0,87.2,5.0,300000,317875.82,-17875.82
2017,50000,1,1,1,0,24.3,1248.0,88.5,5.0,925000,745530.42,179469.58
2014,72000,3,1,1,0,18.6,1197.0,81.83,5.0,320000,486675.8,-166675.8
2013,86000,1,1,1,2,22.9,1248.0,74.0,5.0,430000,371309.63,58690.37
2013,100000,1,1,1,0,23.4,1248.0,74.0,5.0,390000,529969.04,-139969.04
2015,50000,3,1,1,0,18.6,1197.0,81.83,5.0,480000,568035.83,-88035.83
2016,145000,1,1,1,2,23.59,1364.0,67.05,5.0,570000,537829.77,32170.23
2013,80000,1,1,1,0,23.03,1396.0,69.0,5.0,220000,241532.43,-21532.43
2016,80000,1,1,1,0,12.99,2494.0,100.6,7.0,950000,1081621.25,-131621.25
2011,70000,1,1,1,2,20.0,1399.0,68.0,5.0,170000,208999.92,-38999.92
2007,35000,3,1,1,2,19.7,796.0,46.3,5.0,140000,115102.5,24897.5
2006,90000,3,1,1,2,17.3,1061.0,64.0,5.0,80000,112536.67,-32536.67
2018,20000,1,0,0,0,11.36,2755.0,171.5,8.0,1800000,2027031.0,-227031.0
2008,70000,3,1,1,1,19.7,796.0,35.0,8.0,160000,103380.0,56620.0
2016,41000,3,1,1,0,25.17,799.0,53.3,5.0,250000,268105.0,-18105.0
2017,45000,1,1,1,0,16.3,1956.0,170.0,5.0,1800000,1609902.14,190097.86
2007,60000,3,1,1,2,18.2,1061.0,64.0,5.0,90000,104547.14,-14547.14
2017,15000,3,1,1,0,24.7,796.0,47.3,5.0,295000,299634.67,-4634.67
2015,130000,1,1,1,2,20.45,1461.0,83.8,5.0,550000,585712.9,-35712.9
2012,83000,3,1,0,0,15.74,1591.0,121.3,5.0,475000,502319.99,-27319.99
2017,28832,1,0,1,0,23.4,1248.0,74.0,5.0,520000,615650.83,-95650.83
2015,110000,1,1,1,0,20.45,1461.0,83.8,5.0,1000000,584868.15,415131.85
2018,80000,1,1,1,0,23.0,1498.0,98.96,5.0,950000,863620.42,86379.58
2017,50000,3,1,1,0,20.51,998.0,67.04,5.0,400000,386449.7,13550.3
2018,17000,3,0,1,0,21.01,1197.0,81.8,5.0,775000,665640.0,109360.0
2015,100000,3,1,0,0,16.9,1197.0,81.86,5.0,400000,534841.62,-134841.62
2013,80000,1,1,1,2,15.96,2523.0,62.1,7.0,525000,450710.0,74290.0
2015,50000,3,1,0,0,16.9,1197.0,82.0,5.0,380000,521463.31,-141463.31
2015,25000,1,1,1,0,23.59,1364.0,67.04,5.0,450000,528420.0,-78420.0
2009,50000,3,1,1,2,18.9,1061.0,67.0,5.0,135000,131172.46,3827.54
2013,162500,1,1,1,0,19.4,1405.0,70.0,5.0,170000,191880.0,-21880.0
2014,25000,3,1,1,0,20.36,1197.0,78.9,5.0,351000,323928.33,27071.67
2018,30000,3,1,1,0,25.17,799.0,53.3,5.0,335000,343593.33,-8593.33
2003,120000,3,1,1,4,19.44,1248.0,81.83,5.0,70000,68136.67,1863.33
2017,27500,3,1,1,0,18.9,1197.0,81.86,5.0,500000,464714.13,35285.87
2005,50000,1,1,1,2,19.44,1248.0,81.83,5.0,95000,132370.83,-37370.83
2014,110000,1,1,1,0,24.0,1120.0,70.0,5.0,400000,370849.97,29150.03
1999,100000,3,1,1,4,16.1,796.0,37.0,4.0,40000,64735.09,-24735.09
2010,70000,1,1,1,2,19.09,1396.0,69.0,5.0,150000,173382.48,-23382.48
2016,30000,3,1,1,0,18.9,1197.0,82.0,5.0,400000,441795.0,-41795.0
2013,60000,3,1,1,4,16.51,1586.0,103.2,5.0,295000,352639.9,-57639.9
2012,60000,3,1,1,0,18.6,1199.0,79.4,5.0,180000,169238.74,10761.26
2017,50000,1,1,1,0,25.8,1498.0,98.6,5.0,650000,578955.0,71045.0
2017,90000,3,1,1,0,15.37,1196.0,73.0,5.0,330000,390699.96,-60699.96
2017,25538,3,2,1,0,16.78,1496.0,88.73,5.0,625000,787030.12,-162030.12
2015,60000,1,1,1,0,19.01,1461.0,108.45,5.0,600000,586129.49,13870.51
2013,50000,3,1,0,0,16.95,1197.0,78.9,5.0,290000,329331.54,-39331.54
2007,120000,1,1,1,2,18.1,1493.0,110.0,5.0,245000,191574.99,53425.01
2012,120000,1,1,1,4,19.09,1396.0,69.0,5.0,170000,178782.08,-8782.08
2016,15000,3,1,1,2,18.15,1198.0,82.0,6.0,450000,443138.32,6861.68
2012,40000,3,1,1,0,21.1,814.0,55.2,5.0,170000,179830.0,-9830.0
2007,100000,3,1,1,2,16.1,796.0,37.0,4.0,60000,72066.54,-12066.54
2012,156040,1,0,1,0,20.0,1399.0,68.0,5.0,250000,323499.94,-73499.94
2010,80000,3,1,1,0,11.96,1298.0,80.0,8.0,350000,209819.98,140180.02
2012,90000,1,1,1,0,20.54,1598.0,103.6,5.0,450000,368638.0,81362.0
2009,100000,3,1,1,0,20.36,1197.0,78.9,5.0,170000,208685.0,-38685.0
2013,120000,1,1,1,0,23.2,1248.0,73.94,5.0,320000,303099.94,16900.06
2010,60000,1,1,0,0,16.73,1995.0,218.0,5.0,1000000,1271525.0,-271525.0
2017,43526,1,0,1,0,16.0,2179.0,140.0,7.0,1150000,1256769.95,-106769.95
2013,100000,1,1,1,0,20.54,1598.0,103.6,5.0,350000,372748.21,-22748.21
2014,43011,3,0,1,0,18.88,999.0,123.37,5.0,550000,692159.96,-142159.96
2004,120000,3,1,1,2,13.2,1495.0,94.0,5.0,80000,120536.67,-40536.67
2018,36500,1,0,1,0,24.3,1248.0,88.5,5.0,910000,763360.0,146640.0
2018,9000,3,0,1,0,19.1,1197.0,85.8,5.0,611000,654737.42,-43737.42
2012,135000,1,1,1,0,15.96,2523.0,62.1,7.0,450000,399154.11,50845.89
2018,44885,1,0,1,0,26.59,1248.0,74.0,5.0,751000,695830.0,55170.0
2015,90000,1,1,1,0,19.67,1582.0,126.2,5.0,978999,882684.96,96314.04
2012,58400,1,1,1,2,19.3,1248.0,73.9,5.0,400000,373889.16,26110.84
2019,2000,1,1,1,0,15.96,2523.0,63.0,9.0,800000,683745.0,116255.0
2012,100000,3,1,0,0,14.53,1794.0,138.1,5.0,550000,543905.0,6095.0
2015,70000,1,1,1,0,20.0,1399.0,68.05,5.0,292000,319254.98,-27254.98
2007,120000,3,1,1,2,17.7,1497.0,78.0,5.0,138000,195523.33,-57523.33
2011,80000,1,1,1,2,18.3,1991.0,147.9,5.0,409999,342145.0,67854.0
2013,70000,1,1,1,0,15.96,2523.0,62.1,7.0,450000,505185.0,-55185.0
2014,30000,3,1,1,2,18.5,1197.0,82.85,5.0,330000,429609.73,-99609.73
2017,30000,1,1,1,0,27.39,1248.0,74.0,5.0,620000,746195.0,-126195.0
2017,25000,1,1,1,0,19.67,1582.0,126.2,5.0,1200000,1101438.33,98561.67
2014,91000,1,1,1,0,22.54,1396.0,88.73,5.0,451000,549811.62,-98811.62
2013,139000,1,1,1,0,25.44,936.0,57.6,5.0,125000,197225.0,-72225.0
2018,30000,1,1,1,2,23.0,1498.0,98.96,5.0,810000,909308.33,-99308.33
2013,87452,1,0,1,2,22.77,1498.0,98.59,5.0,480000,495287.5,-15287.5
2016,70000,1,1,1,0,15.4,1997.0,120.0,7.0,741000,851732.5,-110732.5
2019,6000,3,1,1,0,19.5,1199.0,88.76,5.0,640000,676415.0,-36415.0
2013,65000,3,1,1,0,17.92,1086.0,62.1,5.0,180000,208835.0,-28835.0
2014,110000,1,1,1,2,20.14,1498.0,88.8,5.0,400000,436585.0,-36585.0
2015,40000,3,0,1,0,18.9,1197.0,82.0,5.0,434999,448516.42,-13517.42
2015,35000,3,1,1,0,17.3,1497.0,117.3,7.0,500000,731646.67,-231646.67
2007,80000,3,1,1,2,18.2,998.0,67.1,5.0,85000,93798.33,-8798.33
2019,5000,3,1,1,0,21.4,1197.0,83.1,5.0,711000,646286.88,64713.12
2008,191000,3,1,1,0,17.92,1086.0,62.1,5.0,120000,152934.44,-32934.44
2017,90000,3,1,1,0,22.0,1197.0,81.8,5.0,620000,615288.1,4711.9
2012,120000,1,1,1,4,22.32,1582.0,126.32,5.0,350000,442716.67,-92716.67
2019,10500,1,1,1,0,25.6,1498.0,97.9,5.0,1110000,965491.67,144508.33
2016,50000,1,1,1,2,26.0,1498.0,98.6,5.0,1000000,704114.74,295885.26
2011,70000,1,1,1,0,23.03,1396.0,69.0,5.0,215000,213764.99,1235.01
2016,60000,1,1,1,2,12.2,1994.0,105.3,10.0,409999,775368.32,-365369.32
2016,65300,3,1,1,2,18.9,1197.0,82.0,5.0,350000,419768.27,-69768.27
2016,80000,1,1,1,0,25.32,1198.0,77.0,6.0,375000,372579.97,2420.03
2012,100000,1,1,1,4,25.44,936.0,57.6,5.0,225000,161850.83,63149.17
2018,25000,1,1,1,0,24.3,1248.0,88.5,5.0,950000,846462.19,103537.81
2017,30000,3,1,1,0,18.9,1197.0,81.86,5.0,525000,476327.47,48672.53
2017,62000,1,0,0,0,11.36,2755.0,171.5,7.0,1465000,1953434.98,-488434.98
2014,90000,1,1,1,0,15.1,2179.0,140.0,7.0,750000,760575.57,-10575.57
2013,92500,1,1,1,0,22.32,1582.0,126.3,5.0,530000,572965.82,-42965.82
2020,120000,3,1,1,2,21.63,998.0,67.0,5.0,250000,432994.52,-182994.52
2007,60000,3,1,1,2,16.1,796.0,37.0,4.0,125000,75504.9,49495.1
2016,120000,1,1,1,0,22.54,1396.0,88.73,5.0,725000,626090.0,98910.0
2010,60000,1,1,1,0,18.3,1991.0,147.9,5.0,300000,359020.0,-59020.0
2019,10000,3,1,0,0,21.4,1197.0,83.1,5.0,660000,631294.33,28705.67
2004,100000,3,1,0,2,9.0,2997.0,218.0,5.0,275000,568233.33,-293233.33
2018,32600,1,0,1,0,24.3,1248.0,88.5,5.0,819999,804610.0,15389.0
2004,90000,3,1,0,2,19.44,1248.0,81.83,5.0,80000,131753.33,-51753.33
2016,43000,0,1,1,2,26.6,998.0,58.16,5.0,320000,333835.0,-13835.0
2017,53000,1,1,1,0,28.09,1248.0,88.5,5.0,750000,726834.98,23165.02
2008,70000,3,1,1,1,19.44,1248.0,81.83,5.0,125000,185845.0,-60845.0
2005,100000,3,1,1,1,19.7,796.0,46.3,5.0,90000,96022.29,-6022.29
2006,150000,3,1,1,1,18.9,998.0,67.1,5.0,80000,111435.0,-31435.0
2015,65000,1,1,1,0,15.96,2523.0,62.1,7.0,509999,574224.99,-64225.99
2013,170000,1,1,1,4,20.77,1248.0,88.76,7.0,650000,580859.97,69140.03
2019,10000,3,1,0,0,21.21,1197.0,81.8,5.0,650000,608546.41,41453.59
2017,30646,3,0,1,0,15.4,1497.0,117.3,7.0,840000,793706.63,46293.37
2019,10000,3,1,1,0,21.21,1197.0,81.8,5.0,675000,560420.8,114579.2
2017,53000,1,1,1,0,24.3,1248.0,88.5,5.0,711000,799867.05,-88867.05
2011,150000,3,1,1,0,12.8,1396.0,85.0,5.0,150000,256161.65,-106161.65
2008,134000,1,1,1,2,12.8,2494.0,102.0,7.0,570000,332540.0,237460.0
2016,15000,3,1,1,0,20.4,1197.0,81.8,5.0,500000,536525.28,-36525.28
2006,140000,1,1,1,2,12.8,2494.0,102.0,8.0,300000,322450.0,-22450.0
2017,70000,1,1,1,0,27.39,1248.0,74.0,5.0,735000,705262.5,29737.5
2010,120000,1,1,1,2,19.44,1248.0,81.83,5.0,190000,305788.61,-115788.61
2020,2136,3,1,1,0,22.5,999.0,67.0,5.0,350000,341020.0,8980.0
2018,17100,1,0,0,0,22.48,1995.0,187.74,5.0,3900000,3563050.0,336950.0
2011,50000,3,1,1,2,19.7,796.0,46.3,5.0,215000,186630.0,28370.0
2017,35000,1,1,1,2,25.2,1248.0,74.0,5.0,640000,602699.64,37300.36
2010,120000,3,1,1,0,18.0,995.0,62.0,5.0,75000,125030.27,-50030.27
2014,70000,1,1,1,0,15.96,2523.0,62.1,7.0,550000,565787.4,-15787.4
2016,100000,3,1,1,2,18.15,1198.0,82.0,5.0,350000,384489.96,-34489.96
2014,17000,3,1,1,0,18.6,1197.0,81.83,5.0,500000,416280.0,83720.0
2011,49563,3,0,1,0,16.2,995.0,62.1,5.0,160000,136730.0,23270.0
2017,40000,1,1,1,0,24.3,1248.0,88.5,5.0,780000,760052.08,19947.92
2016,80000,3,1,1,2,19.1,1197.0,82.0,5.0,350000,416524.9,-66524.9
2019,7000,3,1,1,0,19.4,1194.0,94.93,5.0,675000,678287.25,-3287.25
2018,7800,3,1,0,0,22.0,1197.0,81.8,5.0,700000,660769.15,39230.85
2012,148000,1,1,1,2,19.44,1248.0,81.83,5.0,450000,335452.5,114547.5
2015,120000,1,1,1,0,13.58,2499.0,72.4,10.0,434000,586749.84,-152749.84
2008,120000,1,1,1,0,17.0,1405.0,70.0,5.0,85000,131010.0,-46010.0
2013,151000,1,0,1,0,13.5,2477.0,175.56,7.0,1090000,1145600.0,-55600.0
2017,140000,0,1,1,0,21.94,1196.0,61.7,5.0,370000,359734.17,10265.83
2015,35000,1,1,1,0,20.45,1461.0,83.8,5.0,800000,608770.0,191230.0
2017,15381,1,1,1,0,24.3,1248.0,88.5,5.0,800000,734243.33,65756.67
2005,120005,1,1,0,2,11.0,2987.0,198.5,5.0,800000,777800.0,22200.0
2013,80000,1,1,1,0,21.9,1396.0,88.76,5.0,370000,356131.51,13868.49
2013,70000,1,1,1,2,22.07,1199.0,73.9,5.0,350000,364019.9,-14019.9
2011,120000,0,1,1,1,19.44,1248.0,81.83,5.0,170000,309026.54,-139026.54
2016,35000,3,1,1,2,22.74,796.0,47.3,5.0,240000,249467.5,-9467.5
2015,30000,3,1,0,0,19.12,1373.0,91.1,5.0,685000,617155.0,67845.0
2016,110000,3,1,1,0,21.1,814.0,55.2,5.0,250000,262344.33,-12344.33
2016,20000,3,1,1,0,22.74,796.0,47.3,5.0,250000,313530.06,-63530.06
2014,141000,1,1,1,1,25.2,1248.0,74.0,5.0,700000,427774.97,272225.03
2019,15000,1,1,1,0,20.0,1497.0,115.0,5.0,1200000,1021629.99,178370.01
2018,10000,3,1,1,0,18.9,1197.0,81.86,5.0,610000,574904.98,35095.02
2011,43000,3,0,0,0,13.4,1997.0,135.1,5.0,600000,420615.0,179385.0
2013,7200,1,1,1,0,12.99,2494.0,100.6,8.0,1050000,597416.65,452583.35
2014,40000,3,1,1,0,21.1,814.0,55.2,5.0,215000,251124.7,-36124.7
2013,70000,1,1,1,0,25.0,1396.0,69.0,5.0,280000,294469.97,-14469.97
2010,120000,3,1,1,2,19.7,796.0,46.3,5.0,150000,135199.58,14800.42
2017,80000,3,1,1,0,18.16,1196.0,86.8,5.0,565000,445774.99,119225.01
2011,100000,1,1,1,0,18.3,1991.0,147.9,5.0,360000,350815.0,9185.0
2019,14000,1,1,1,0,25.47,1248.0,88.5,7.0,1200000,954407.49,245592.51
2012,170000,1,1,1,0,13.1,2499.0,141.0,7.0,551000,699012.14,-148012.14
2013,101000,1,0,1,0,21.9,1396.0,88.76,5.0,425000,377244.1,47755.9
2014,80000,1,1,1,2,23.4,1248.0,74.0,5.0,445000,494983.26,-49983.26
2016,30000,3,1,1,0,18.7,1199.0,88.7,5.0,484999,539291.99,-54292.99
2016,25000,3,1,1,0,17.19,1197.0,81.86,5.0,600000,572788.83,27211.17
2010,59549,3,0,1,0,19.0,998.0,67.1,5.0,225000,199459.98,25540.02
2017,70000,3,1,1,0,18.6,1197.0,81.83,5.0,450000,587024.96,-137024.96
2016,30000,3,1,1,0,15.29,1591.0,121.3,5.0,700000,882002.42,-182002.42
2013,90000,3,1,1,0,17.92,1086.0,62.1,5.0,200000,224350.0,-24350.0
2012,45000,3,0,1,0,18.5,1198.0,86.8,5.0,385000,328977.5,56022.5
2017,20000,3,1,1,0,18.9,1197.0,82.0,5.0,500000,545427.46,-45427.46
2007,120000,1,1,1,4,14.6,2956.0,63.0,10.0,100000,193245.0,-93245.0
2010,175000,1,1,1,0,19.09,1396.0,69.0,5.0,200000,203393.26,-3393.26
2010,80000,3,1,1,1,17.0,1197.0,80.0,5.0,254999,237212.42,17786.58
2017,35000,3,1,1,0,18.9,1197.0,82.0,5.0,450000,501301.58,-51301.58
2015,206000,1,0,1,0,22.77,1498.0,98.59,5.0,550000,588367.5,-38367.5
2011,70000,1,1,1,2,20.0,1399.0,68.0,5.0,204999,208999.92,-4000.92
2013,140000,3,1,1,0,16.02,1373.0,93.7,7.0,450000,419139.9,30860.1
2015,120000,3,1,1,2,15.37,1196.0,73.0,5.0,315000,317874.92,-2874.92
2013,70000,1,1,1,2,20.14,1498.0,88.5,5.0,350000,384694.88,-34694.88
2011,42535,3,0,1,0,16.7,1198.0,88.8,5.0,339000,264345.0,74655.0
2017,82000,1,1,1,0,24.8,1396.0,88.7,5.0,700000,800927.08,-100927.08
2019,10000,3,1,1,0,23.84,1199.0,84.0,5.0,459999,475612.5,-15613.5
2016,120000,1,1,1,0,18.49,1493.0,100.0,7.0,700000,600449.79,99550.21
2009,70000,3,1,1,2,13.2,1495.0,94.0,5.0,120000,171368.31,-51368.31
2016,133000,1,1,1,0,21.38,1396.0,88.7,5.0,950000,802794.99,147205.01
2007,137000,0,1,1,0,19.44,1248.0,81.83,5.0,127000,180975.0,-53975.0
2012,45000,3,1,1,0,25.4,624.0,38.0,4.0,60000,71530.0,-11530.0
2015,10000,3,1,1,0,18.16,1197.0,78.8,5.0,600000,466987.37,133012.63
2010,176062,1,1,1,0,17.8,1248.0,75.0,5.0,400000,264803.26,135196.74
2013,58343,3,2,1,0,21.79,998.0,67.05,5.0,225000,278303.7,-53303.7
2012,100000,3,1,1,0,22.74,796.0,47.3,5.0,220000,186920.0,33080.0
2006,25000,3,1,1,4,13.0,1795.0,127.0,5.0,175000,147297.5,27702.5
2011,41000,3,1,1,0,18.0,995.0,62.0,5.0,169000,152250.0,16750.0
2011,60000,3,1,1,2,18.06,1198.0,75.0,5.0,300000,202560.0,97440.0
2011,50600,3,1,1,0,19.7,796.0,46.3,5.0,200000,192960.0,7040.0
2018,26000,1,1,1,0,25.4,1186.0,73.97,5.0,680000,512675.0,167325.0
2015,50000,1,1,1,0,25.2,1248.0,74.0,5.0,635000,524488.62,110511.38
2014,60000,3,1,1,2,20.36,1197.0,78.9,5.0,225000,333419.98,-108419.98
2012,112072,1,1,1,0,21.64,1461.0,84.8,5.0,290000,330014.56,-40014.56
2016,60000,1,0,1,0,21.49,1498.0,108.5,5.0,591000,680595.8,-89595.8
2018,70000,3,1,1,0,20.3,998.0,68.05,5.0,330000,372729.98,-42729.98
2016,20000,1,1,1,0,19.09,1405.0,69.01,5.0,440000,361972.92,78027.08
2015,30000,3,1,1,0,23.1,998.0,67.04,5.0,400000,343860.82,56139.18
2017,98000,1,0,1,0,13.68,2393.0,147.51,7.0,1750000,1575084.96,174915.04
2015,60000,1,1,1,0,19.67,1582.0,126.2,5.0,965000,860440.0,104560.0
2017,76139,1,1,1,0,23.0,1498.0,98.96,5.0,850000,808204.57,41795.43
2012,70000,1,1,1,2,25.44,936.0,57.6,5.0,220000,171372.93,48627.07
2004,90000,3,1,1,4,18.9,998.0,67.1,5.0,33351,95867.29,-62516.29
2016,50000,3,1,1,2,16.2,995.0,62.1,5.0,160000,327824.14,-167824.14
2012,80000,1,1,1,2,20.8,1461.0,65.0,5.0,200000,260079.54,-60079.54
2011,60000,1,1,1,0,22.9,1248.0,74.0,5.0,400000,343875.0,56125.0
2009,100000,1,1,1,0,18.1,1493.0,110.0,5.0,375000,255435.0,119565.0
2013,195000,1,1,1,0,14.0,2523.0,75.0,8.0,500000,421894.66,78105.34
2013,80000,1,1,1,2,15.1,2179.0,140.0,7.0,750000,713500.0,36500.0
2017,40000,3,1,1,0,19.49,1198.0,67.04,5.0,370000,350499.91,19500.09
2018,18000,1,0,1,0,19.6,1461.0,108.45,5.0,1050000,1086602.48,-36602.48
2019,30000,3,1,1,0,18.6,1197.0,81.86,5.0,750000,714740.83,35259.17
2013,140000,1,1,0,2,18.88,1995.0,184.0,5.0,1300000,1388345.0,-88345.0
2012,98000,1,1,1,0,25.44,936.0,57.6,5.0,155000,166928.75,-11928.75
2015,80000,3,1,1,0,20.85,1197.0,83.14,5.0,450000,479789.88,-29789.88
2019,10000,3,1,1,0,20.52,1197.0,81.8,5.0,490000,519365.54,-29365.54
2014,100000,1,1,1,0,23.4,1248.0,74.0,5.0,511000,502965.83,8034.17
2019,10000,3,1,0,0,19.56,1197.0,81.8,5.0,800000,570333.22,229666.78
2007,210000,1,1,1,2,12.8,2494.0,102.0,8.0,465000,425099.91,39900.09
2019,5000,3,1,1,0,20.3,1086.0,68.0,5.0,500000,487819.34,12180.66
2016,60000,1,1,1,2,22.54,1396.0,88.73,5.0,595000,621224.58,-26224.58
2012,92686,1,0,1,2,21.9,1396.0,88.76,5.0,340000,358519.98,-18519.98
2017,35000,3,1,1,0,17.5,1373.0,91.1,7.0,600000,708819.98,-108819.98
2016,52000,1,0,1,0,23.65,1248.0,88.5,5.0,775000,694131.67,80868.33
2015,40000,3,1,1,0,17.57,1193.0,88.7,5.0,380000,412820.0,-32820.0
2015,19800,3,1,1,0,15.37,1196.0,73.0,7.0,300000,370478.74,-70478.74
2019,20000,1,1,1,0,16.36,2179.0,120.0,7.0,1300000,1183770.0,116230.0
2018,75000,1,1,0,0,21.5,1498.0,108.5,5.0,950000,875399.99,74600.01
2018,140000,1,1,1,4,14.1,2179.0,147.94,5.0,890000,848895.0,41105.0
2017,20000,3,1,0,0,17.0,1591.0,121.3,5.0,990000,1007768.33,-17768.33
2008,80000,3,1,1,4,17.92,1086.0,62.1,5.0,140000,119922.22,20077.78
2008,80000,3,1,1,2,19.7,796.0,46.3,5.0,110000,108675.51,1324.49
2015,120000,3,1,1,2,21.1,814.0,55.2,5.0,225000,247095.82,-22095.82
2014,10000,3,1,1,0,20.3,998.0,68.05,5.0,220000,306803.23,-86803.23
2005,188000,3,1,1,1,18.9,998.0,67.1,5.0,70000,96023.0,-26023.0
2016,29000,3,1,1,0,18.6,1197.0,81.83,5.0,650000,544057.0,105943.0
2011,80000,3,1,1,0,19.81,1086.0,68.05,5.0,200000,211542.5,-11542.5
2013,50000,1,0,0,0,18.53,1968.0,187.74,5.0,1689999,1940729.83,-250730.83
2014,28800,3,0,1,0,18.6,1197.0,81.83,5.0,484999,444974.97,40024.03
2017,140000,1,1,1,0,14.07,2956.0,69.01,7.0,400000,614133.33,-214133.33
2018,27000,1,1,1,0,20.14,1498.0,88.0,5.0,681000,765850.98,-84850.98
2016,60000,3,1,1,2,18.5,1198.0,86.8,5.0,411000,376408.31,34591.69
2011,157000,1,1,1,2,22.32,1582.0,126.3,5.0,360000,401290.0,-41290.0
2019,20000,3,1,1,0,17.0,1197.0,110.0,5.0,1132000,971102.44,160897.56
2017,24522,3,0,1,0,20.4,1197.0,81.8,5.0,600000,518984.95,81015.05
2015,32000,1,1,1,2,25.83,1498.0,99.0,5.0,459999,567589.96,-107590.96
2014,100000,1,1,1,2,22.9,1248.0,74.0,5.0,509999,405850.46,104148.54
2014,69000,1,0,1,0,19.87,1461.0,83.8,5.0,425000,455339.92,-30339.92
2017,36000,1,0,1,0,13.68,2393.0,147.8,8.0,1789999,1679199.68,110799.32
2010,120000,1,1,1,4,18.3,1991.0,147.9,5.0,270000,278225.0,-8225.0
2017,67000,0,1,1,0,33.44,796.0,40.3,4.0,260000,232238.75,27761.25
2008,40000,3,1,1,1,12.85,1396.0,99.6,5.0,135000,224219.98,-89219.98
2011,25000,3,1,1,2,26.0,624.0,35.0,4.0,46000,55370.0,-9370.0
2017,25000,3,1,1,0,18.9,1197.0,82.0,5.0,445000,532211.22,-87211.22
2014,90000,1,1,1,0,20.77,1248.0,88.8,7.0,650000,570331.66,79668.34
2014,50000,3,1,1,0,23.1,998.0,67.04,5.0,320000,327495.81,-7495.81
2018,62000,1,1,1,0,28.4,1248.0,74.0,5.0,671000,678035.41,-7035.41
2012,76000,3,1,1,1,20.36,1197.0,78.9,5.0,210000,266455.39,-56455.39
2007,110000,3,1,1,2,12.0,2092.0,127.0,7.0,300000,185459.96,114540.04
2016,70000,1,1,1,0,25.83,1498.0,99.0,5.0,500000,420304.62,79695.38
2018,30000,1,1,1,0,19.87,1461.0,83.14,5.0,840000,831789.98,8210.02
1998,47990,1,1,1,2,19.44,1248.0,81.83,5.0,210000,128146.67,81853.33
2016,147000,1,1,1,2,26.59,1248.0,74.0,5.0,600000,619500.0,-19500.0
2018,10000,1,1,1,0,25.47,1248.0,88.5,7.0,1050000,953378.32,96621.68
2011,170000,0,1,1,0,11.88,1086.0,62.1,5.0,185000,219844.97,-34844.97
2009,43000,1,1,1,0,18.8,1248.0,90.0,5.0,250000,181204.99,68795.01
2015,100000,3,1,1,0,18.9,1197.0,82.0,5.0,350000,408156.56,-58156.56
2014,25000,3,1,1,0,18.5,1197.0,85.8,5.0,350000,437529.92,-87529.92
2005,50000,3,1,1,0,19.44,1248.0,81.83,5.0,170000,101275.0,68725.0
2014,60000,3,1,1,2,18.9,1197.0,82.0,5.0,400000,387736.23,12263.77
2009,150000,1,1,1,0,17.8,1248.0,75.0,5.0,300000,277379.95,22620.05
2011,70000,3,1,1,2,16.6,1388.0,68.0,5.0,200000,226293.33,-26293.33
2018,10000,3,1,1,0,17.0,1591.0,121.3,5.0,1000000,1096151.67,-96151.67
2013,100000,3,1,0,2,15.74,1591.0,121.3,5.0,450000,510854.79,-60854.79
2018,5229,3,2,1,0,17.1,1496.0,105.5,5.0,1000000,1010240.0,-10240.0
2009,68600,3,1,1,4,17.0,1497.0,118.0,5.0,250000,319285.0,-69285.0
2019,15000,3,1,1,0,20.89,1197.0,81.8,5.0,500000,561439.95,-61439.95
2011,100000,1,1,1,0,15.96,2523.0,62.1,9.0,400000,357345.0,42655.0
2017,25000,3,1,1,0,23.01,999.0,67.0,5.0,350000,353505.0,-3505.0
2012,100000,1,1,1,2,22.32,1582.0,126.32,5.0,360000,420627.26,-60627.26
2015,50000,3,1,0,0,19.34,1198.0,76.0,5.0,325000,293834.98,31165.02
2019,15000,3,1,0,0,22.0,1197.0,81.8,5.0,650000,656253.33,-6253.33
2005,150000,3,1,1,2,19.7,796.0,46.3,5.0,85000,105566.88,-20566.88
2013,92000,1,1,1,4,20.77,1248.0,88.76,7.0,500000,524100.0,-24100.0
2012,40000,3,1,1,2,17.92,1086.0,62.1,5.0,300000,209840.83,90159.17
2009,170000,1,1,1,4,12.8,2494.0,102.0,8.0,561000,501869.98,59130.02
2012,146000,1,1,1,2,22.32,1582.0,126.32,5.0,465000,446620.0,18380.0
2017,70000,1,1,1,2,25.83,1498.0,99.0,5.0,550000,603965.0,-53965.0
2016,60000,1,1,1,2,20.5,1248.0,91.7,5.0,360000,468425.75,-108425.75
2018,59000,1,0,1,0,28.4,1248.0,74.02,5.0,765000,684051.17,80948.83
2017,63186,1,1,1,0,22.54,1396.0,88.73,5.0,850000,646131.9,203868.1
2013,87000,1,1,1,2,22.32,1582.0,126.32,5.0,500000,468149.88,31850.12
2018,40000,3,1,1,0,23.95,998.0,67.05,5.0,350000,364852.44,-14852.44
2015,70000,1,1,1,0,19.01,1461.0,108.5,5.0,750000,598450.42,151549.58
2011,70000,1,1,1,2,21.9,1396.0,90.0,5.0,320000,336224.98,-16224.98
2009,54000,3,1,1,0,19.7,796.0,46.3,5.0,155000,134362.5,20637.5
2013,110000,1,1,1,0,15.96,2523.0,62.1,7.0,500000,463955.71,36044.29
2015,70000,1,1,1,0,15.4,1997.0,120.0,7.0,875000,807491.67,67508.33
2015,60000,1,1,1,0,25.1,1498.0,98.6,5.0,670000,667510.72,2489.28
2011,140500,1,1,1,4,17.88,1396.0,52.8,5.0,75000,164694.58,-89694.58
2016,41000,3,1,1,0,18.7,1199.0,88.7,5.0,500000,540174.08,-40174.08
2012,100000,1,1,1,2,22.9,1248.0,74.0,5.0,380000,362985.3,17014.7
2013,215000,1,1,1,0,12.99,2494.0,100.0,7.0,830000,806124.98,23875.02
2016,40000,3,1,1,0,18.15,1198.0,82.0,5.0,400000,379192.49,20807.51
2017,40000,3,1,1,0,25.17,799.0,53.3,5.0,325000,270537.92,54462.08
2016,40000,3,1,1,0,25.17,799.0,53.3,5.0,229999,266438.33,-36439.33
2007,97000,3,1,1,0,16.6,1388.0,68.0,5.0,142000,132753.33,9246.67
2016,79500,1,1,1,0,15.4,2179.0,120.0,7.0,800000,974064.17,-174064.17
2012,110000,1,1,1,0,22.3,1248.0,74.0,5.0,150000,165262.48,-15262.48
2012,90000,1,1,0,0,19.08,1582.0,126.32,5.0,500000,498133.33,1866.67
2015,120000,1,1,1,0,22.7,1582.0,126.2,5.0,869999,665377.5,204621.5
2014,70000,3,1,1,2,18.6,1197.0,81.83,5.0,590000,513903.46,76096.54
2009,50000,3,1,1,0,19.0,998.0,66.1,5.0,185000,247389.96,-62389.96
2018,80000,1,1,1,0,25.4,1186.0,73.97,5.0,570000,623100.0,-53100.0
2016,88000,1,0,0,0,21.66,1498.0,103.52,5.0,675000,666880.0,8120.0
2013,146000,1,1,1,2,15.96,2523.0,62.1,7.0,450000,349097.5,100902.5
2013,50000,3,1,1,1,16.47,1198.0,73.9,5.0,350000,349792.39,207.61
2009,120000,1,1,1,2,23.0,1396.0,90.0,5.0,310000,264825.0,45175.0
2012,70000,1,1,1,1,20.0,1399.0,68.0,5.0,140000,277726.19,-137726.19
2008,60000,1,1,1,2,16.8,1405.0,68.0,5.0,45000,130240.0,-85240.0
2011,80000,3,1,1,0,18.0,995.0,62.0,5.0,150000,157055.0,-7055.0
2019,19000,3,1,0,0,21.4,1197.0,83.1,5.0,685000,643400.17,41599.83
2017,70000,3,1,1,0,20.51,998.0,67.04,5.0,400000,390243.17,9756.83
2006,77000,1,1,1,0,19.44,1248.0,81.83,5.0,170000,151329.05,18670.95
2018,60000,1,1,1,0,15.4,2523.0,75.0,7.0,900000,829748.67,70251.33
2018,30000,1,1,1,0,25.5,1498.0,98.6,5.0,834000,901574.33,-67574.33
2016,40000,1,1,1,2,26.59,1248.0,74.0,5.0,525000,538562.86,-13562.86
2016,37000,3,1,1,0,20.85,1197.0,83.14,5.0,550000,576689.13,-26689.13
2012,200000,1,1,1,1,15.1,2179.0,140.0,7.0,500000,577547.14,-77547.14
2006,90000,3,1,1,4,13.4,1794.0,125.0,5.0,150000,170380.0,-20380.0
2018,46000,1,0,1,0,15.8,2148.0,170.0,5.0,2950000,2031722.14,918277.86
2011,10000,3,1,1,0,19.7,796.0,46.3,5.0,114999,186124.99,-71125.99
2018,40000,3,1,1,0,18.9,1197.0,81.86,5.0,500000,517689.97,-17689.97
2017,47747,1,0,1,0,28.09,1248.0,88.5,5.0,810000,785359.93,24640.07
2005,40000,3,1,1,2,19.7,796.0,46.3,5.0,80000,93410.0,-13410.0
2005,90000,3,1,1,2,19.7,796.0,46.3,5.0,110000,91669.5,18330.5
2013,65000,1,1,1,0,14.6,2231.0,184.0,7.0,667000,1533349.99,-866349.99
2010,120000,1,1,1,0,21.12,1248.0,88.8,5.0,210000,194736.5,15263.5
2012,70000,3,1,1,0,19.7,796.0,46.3,5.0,145000,155700.0,-10700.0
2015,51000,3,0,1,0,22.0,1197.0,81.8,5.0,475000,500139.94,-25139.94
2012,80000,3,1,1,0,16.2,995.0,62.1,5.0,170000,132935.0,37065.0
2017,7000,3,0,0,2,14.53,1794.0,138.1,5.0,1450000,1379965.0,70035.0
2018,50699,1,0,1,0,22.77,1498.0,98.59,5.0,925000,897801.25,27198.75
2017,40000,3,1,0,0,24.04,999.0,67.0,5.0,450000,339375.0,110625.0
2010,68000,3,1,1,1,18.6,1199.0,79.4,5.0,150000,158640.0,-8640.0
2018,25000,3,1,1,0,22.7,799.0,53.64,5.0,217000,290723.7,-73723.7
2014,90000,1,1,1,0,26.0,1498.0,98.6,5.0,600000,603100.0,-3100.0
2017,60000,1,1,1,0,22.77,1498.0,98.59,5.0,700000,848646.25,-148646.25
2011,70000,1,1,1,2,14.0,2498.0,112.0,7.0,270000,313044.99,-43044.99
2018,2388,3,1,1,0,18.6,1197.0,81.83,5.0,730000,659400.0,70600.0
2017,70000,1,1,1,0,25.5,1498.0,98.6,5.0,700000,810427.5,-110427.5
2018,23300,3,0,0,0,18.5,1197.0,83.14,5.0,675000,722665.0,-47665.0
2008,120000,1,1,1,0,12.2,1948.0,68.0,9.0,150000,201216.66,-51216.66
2013,96000,1,1,1,0,20.46,1461.0,83.8,5.0,400000,490474.94,-90474.94
2017,20000,3,1,1,0,23.84,1199.0,84.0,5.0,520000,434167.98,85832.02
2016,65000,3,1,1,2,22.74,796.0,47.3,5.0,260000,286178.75,-26178.75
2014,56000,3,1,1,0,17.4,1497.0,117.3,5.0,650000,644128.33,5871.67
2017,60000,1,1,1,0,18.49,1493.0,100.0,7.0,700000,713414.38,-13414.38
